submission_date,state,tot_cases,conf_cases,prob_cases,new_case,pnew_case,tot_death,conf_death,prob_death,new_death,pnew_death,created_at,consent_cases,consent_deaths
01/22/2020,VA,0,,,0,,0,,,0,,03/26/2020 04:22:39 PM,Agree,Agree
01/23/2020,VA,0,,,0,,0,,,0,,03/26/2020 04:22:39 PM,Agree,Agree
01/24/2020,VA,0,,,0,,0,,,0,,03/26/2020 04:22:39 PM,Agree,Agree
01/25/2020,VA,0,,,0,,0,,,0,,03/26/2020 04:22:39 PM,Agree,Agree
01/26/2020,VA,0,,,0,,0,,,0,,03/26/2020 04:22:39 PM,Agree,Agree
01/27/2020,VA,0,,,0,,0,,,0,,03/26/2020 04:22:39 PM,Agree,Agree
01/28/2020,VA,0,,,0,,0,,,0,,03/26/2020 04:22:39 PM,Agree,Agree
01/29/2020,VA,0,,,0,,0,,,0,,03/26/2020 04:22:39 PM,Agree,Agree
01/30/2020,VA,0,,,0,,0,,,0,,03/26/2020 04:22:39 PM,Agree,Agree
01/31/2020,VA,0,,,0,,0,,,0,,03/26/2020 04:22:39 PM,Agree,Agree
02/01/2020,VA,0,,,0,,0,,,0,,03/26/2020 04:22:39 PM,Agree,Agree
02/02/2020,VA,0,,,0,,0,,,0,,03/26/2020 04:22:39 PM,Agree,Agree
02/03/2020,VA,0,,,0,,0,,,0,,03/26/2020 04:22:39 PM,Agree,Agree
02/04/2020,VA,0,,,0,,0,,,0,,03/26/2020 04:22:39 PM,Agree,Agree
02/05/2020,VA,0,,,0,,0,,,0,,03/26/2020 04:22:39 PM,Agree,Agree
02/06/2020,VA,0,,,0,,0,,,0,,03/26/2020 04:22:39 PM,Agree,Agree
02/07/2020,VA,0,,,0,,0,,,0,,03/26/2020 04:22:39 PM,Agree,Agree
02/08/2020,VA,0,,,0,,0,,,0,,03/26/2020 04:22:39 PM,Agree,Agree
02/09/2020,VA,0,,,0,,0,,,0,,03/26/2020 04:22:39 PM,Agree,Agree
02/10/2020,VA,0,,,0,,0,,,0,,03/26/2020 04:22:39 PM,Agree,Agree
02/11/2020,VA,0,,,0,,0,,,0,,03/26/2020 04:22:39 PM,Agree,Agree
02/12/2020,VA,0,,,0,,0,,,0,,03/26/2020 04:22:39 PM,Agree,Agree
02/13/2020,VA,0,,,0,,0,,,0,,03/26/2020 04:22:39 PM,Agree,Agree
02/14/2020,VA,0,,,0,,0,,,0,,03/26/2020 04:22:39 PM,Agree,Agree
02/15/2020,VA,0,,,0,,0,,,0,,03/26/2020 04:22:39 PM,Agree,Agree
02/16/2020,VA,0,,,0,,0,,,0,,03/26/2020 04:22:39 PM,Agree,Agree
02/17/2020,VA,0,,,0,,0,,,0,,03/26/2020 04:22:39 PM,Agree,Agree
02/18/2020,VA,0,,,0,,0,,,0,,03/26/2020 04:22:39 PM,Agree,Agree
02/19/2020,VA,0,,,0,,0,,,0,,03/26/2020 04:22:39 PM,Agree,Agree
02/20/2020,VA,0,,,0,,0,,,0,,03/26/2020 04:22:39 PM,Agree,Agree
02/21/2020,VA,0,,,0,,0,,,0,,03/26/2020 04:22:39 PM,Agree,Agree
02/22/2020,VA,0,,,0,,0,,,0,,03/26/2020 04:22:39 PM,Agree,Agree
02/23/2020,VA,0,,,0,,0,,,0,,03/26/2020 04:22:39 PM,Agree,Agree
02/24/2020,VA,0,,,0,,0,,,0,,03/26/2020 04:22:39 PM,Agree,Agree
02/25/2020,VA,0,,,0,,0,,,0,,03/26/2020 04:22:39 PM,Agree,Agree
02/26/2020,VA,0,,,0,,0,,,0,,03/26/2020 04:22:39 PM,Agree,Agree
02/27/2020,VA,0,,,0,,0,,,0,,03/26/2020 04:22:39 PM,Agree,Agree
02/28/2020,VA,0,,,0,,0,,,0,,03/26/2020 04:22:39 PM,Agree,Agree
02/29/2020,VA,0,,,0,,0,,,0,,03/26/2020 04:22:39 PM,Agree,Agree
03/01/2020,VA,0,,,0,,0,,,0,,03/26/2020 04:22:39 PM,Agree,Agree
03/02/2020,VA,0,,,0,,0,,,0,,03/26/2020 04:22:39 PM,Agree,Agree
03/03/2020,VA,0,,,0,,0,,,0,,03/26/2020 04:22:39 PM,Agree,Agree
03/04/2020,VA,0,,,0,,0,,,0,,03/26/2020 04:22:39 PM,Agree,Agree
03/05/2020,VA,0,,,0,,0,,,0,,03/26/2020 04:22:39 PM,Agree,Agree
03/06/2020,VA,0,,,0,,0,,,0,,03/26/2020 04:22:39 PM,Agree,Agree
03/07/2020,VA,0,,,0,,0,,,0,,03/26/2020 04:22:39 PM,Agree,Agree
03/08/2020,VA,2,,,2,,0,,,0,,03/26/2020 04:22:39 PM,Agree,Agree
03/09/2020,VA,5,,,3,,0,,,0,,03/26/2020 04:22:39 PM,Agree,Agree
03/10/2020,VA,8,,,3,,0,,,0,,03/26/2020 04:22:39 PM,Agree,Agree
03/11/2020,VA,15,,,7,,0,,,0,,03/26/2020 04:22:39 PM,Agree,Agree
03/12/2020,VA,29,,,14,,0,,,0,,03/26/2020 04:22:39 PM,Agree,Agree
03/13/2020,VA,29,,,0,,0,,,0,,03/26/2020 04:22:39 PM,Agree,Agree
03/14/2020,VA,29,,,0,,0,,,0,,03/26/2020 04:22:39 PM,Agree,Agree
03/15/2020,VA,51,,,22,,1,,,1,,03/26/2020 04:22:39 PM,Agree,Agree
03/16/2020,VA,67,,,16,,2,,,1,,03/26/2020 04:22:39 PM,Agree,Agree
03/17/2020,VA,68,,,1,,2,,,0,,03/26/2020 04:22:39 PM,Agree,Agree
03/18/2020,VA,94,,,26,,2,,,0,,03/26/2020 04:22:39 PM,Agree,Agree
03/19/2020,VA,114,,,20,,2,,,0,,03/26/2020 04:22:39 PM,Agree,Agree
03/20/2020,VA,114,,,0,,2,,,0,,03/26/2020 04:22:39 PM,Agree,Agree
03/21/2020,VA,152,,,38,,2,,,0,,03/26/2020 04:22:39 PM,Agree,Agree
03/22/2020,VA,254,,,102,,6,,,4,,03/26/2020 04:22:39 PM,Agree,Agree
03/23/2020,VA,290,,,36,,6,,,0,,03/26/2020 04:22:39 PM,Agree,Agree
03/24/2020,VA,391,,,101,,9,,,3,,03/26/2020 04:22:39 PM,Agree,Agree
03/25/2020,VA,460,,,69,,13,,,4,,03/26/2020 04:22:39 PM,Agree,Agree
03/26/2020,VA,604,,,144,,14,,,1,,03/26/2020 04:22:39 PM,Agree,Agree
03/27/2020,VA,604,,,0,,14,,,0,,03/26/2020 04:22:39 PM,Agree,Agree
03/28/2020,VA,739,,,135,,17,,,3,,03/28/2020 04:22:39 PM,Agree,Agree
03/29/2020,VA,1020,,,281,,25,,,8,,03/28/2020 04:22:39 PM,Agree,Agree
03/30/2020,VA,1020,,,0,,27,,,2,,03/29/2020 04:22:39 PM,Agree,Agree
03/31/2020,VA,1484,,,464,,34,,,7,,03/30/2020 04:22:39 PM,Agree,Agree
04/01/2020,VA,1706,,,222,,41,,,7,,03/31/2020 04:22:39 PM,Agree,Agree
04/02/2020,VA,2012,,,306,,46,,,5,,04/01/2020 04:22:39 PM,Agree,Agree
04/03/2020,VA,2012,,,0,,46,,,0,,04/03/2020 04:22:39 PM,Agree,Agree
04/04/2020,VA,2407,,,395,,52,,,6,,04/03/2020 04:22:39 PM,Agree,Agree
04/05/2020,VA,2878,,,471,,54,,,2,,04/04/2020 04:22:39 PM,Agree,Agree
04/06/2020,VA,3333,,,455,,63,,,9,,04/05/2020 04:22:39 PM,Agree,Agree
04/07/2020,VA,3645,,,312,,75,,,12,,04/07/2020 04:22:39 PM,Agree,Agree
04/08/2020,VA,4042,,,397,,109,,,34,,04/07/2020 04:22:39 PM,Agree,Agree
04/09/2020,VA,4509,,,467,,121,,,12,,04/08/2020 04:22:39 PM,Agree,Agree
04/10/2020,VA,4509,,,0,,121,,,0,,04/09/2020 04:22:39 PM,Agree,Agree
04/11/2020,VA,5077,,,568,,130,,,9,,04/10/2020 04:22:39 PM,Agree,Agree
04/12/2020,VA,5747,,,670,,149,,,19,,04/11/2020 04:22:39 PM,Agree,Agree
04/13/2020,VA,6171,,,424,,154,,,5,,04/12/2020 04:22:39 PM,Agree,Agree
04/14/2020,VA,6500,,,329,,195,,,41,,04/13/2020 04:22:39 PM,Agree,Agree
04/15/2020,VA,6889,,,389,,208,,,13,,04/15/2020 04:22:39 PM,Agree,Agree
04/16/2020,VA,7491,7406,85,602,85,231,231,0,23,0,04/16/2020 04:22:39 PM,Agree,Agree
04/17/2020,VA,8053,,,562,,231,,,0,,04/17/2020 04:22:39 PM,Agree,Agree
04/18/2020,VA,8053,,,0,,258,,,27,,04/18/2020 04:22:39 PM,Agree,Agree
04/19/2020,VA,8990,8853,137,937,137,300,297,3,42,3,04/19/2020 04:22:39 PM,Agree,Agree
04/20/2020,VA,9630,9451,179,640,42,324,321,3,24,0,04/20/2020 04:22:39 PM,Agree,Agree
04/21/2020,VA,9630,9451,179,0,0,324,321,3,0,0,04/21/2020 04:22:39 PM,Agree,Agree
04/22/2020,VA,10998,10627,371,1368,192,372,370,2,48,-1,04/22/2020 04:22:39 PM,Agree,Agree
04/23/2020,VA,11594,11169,425,596,54,410,407,3,38,1,05/25/2020 03:38:40 PM,Agree,Agree
04/24/2020,VA,12366,11902,464,772,39,436,432,4,26,1,05/25/2020 03:38:40 PM,Agree,Agree
04/25/2020,VA,12366,11902,464,0,0,436,432,4,0,0,05/25/2020 03:38:40 PM,Agree,Agree
04/26/2020,VA,13535,13036,499,1169,35,458,454,4,22,0,05/25/2020 03:38:40 PM,Agree,Agree
04/27/2020,VA,14339,13794,545,804,46,492,487,5,34,1,05/25/2020 03:38:40 PM,Agree,Agree
04/28/2020,VA,14961,14328,633,622,88,522,513,9,30,4,04/29/2020 06:12:08 PM,Agree,Agree
04/29/2020,VA,15846,15180,666,885,33,552,543,9,30,0,04/30/2020 04:07:01 PM,Agree,Agree
04/30/2020,VA,16901,16109,792,1055,126,581,572,9,29,0,05/01/2020 09:00:19 PM,Agree,Agree
05/01/2020,VA,16901,16109,792,0,0,581,572,9,0,0,05/02/2020 03:47:19 PM,Agree,Agree
05/02/2020,VA,17731,16979,752,830,-40,616,607,9,35,0,05/03/2020 03:36:03 PM,Agree,Agree
05/03/2020,VA,19492,18640,852,1761,100,684,662,22,68,13,05/04/2020 10:49:24 PM,Agree,Agree
05/04/2020,VA,19492,18640,852,0,0,684,662,22,0,0,05/05/2020 05:25:08 PM,Agree,Agree
05/05/2020,VA,20256,19357,899,764,47,713,690,23,29,1,05/06/2020 04:23:08 PM,Agree,Agree
05/06/2020,VA,20256,19357,899,0,0,713,690,23,0,0,05/07/2020 10:59:02 PM,Agree,Agree
05/07/2020,VA,22342,21274,1068,2086,169,812,787,25,99,2,05/08/2020 09:26:08 PM,Agree,Agree
05/08/2020,VA,22342,21274,1068,0,0,812,787,25,0,0,05/09/2020 09:26:08 PM,Agree,Agree
05/09/2020,VA,23196,22086,1110,854,42,827,801,26,15,1,05/10/2020 09:26:08 PM,Agree,Agree
05/10/2020,VA,25070,23889,1181,1874,71,850,823,27,23,1,05/11/2020 09:26:08 PM,Agree,Agree
05/11/2020,VA,25800,24601,1199,730,18,891,864,27,41,0,05/12/2020 05:26:08 PM,Agree,Agree
05/12/2020,VA,26746,25431,1315,946,116,927,899,28,36,1,05/13/2020 03:26:08 PM,Agree,Agree
05/13/2020,VA,27813,26469,1344,1067,29,955,927,28,28,0,05/14/2020 05:25:44 PM,Agree,Agree
05/14/2020,VA,28672,27293,1379,859,35,977,944,33,22,5,05/15/2020 04:11:22 PM,Agree,Agree
05/15/2020,VA,29683,28233,1450,1011,71,1002,968,34,25,1,05/16/2020 03:46:44 PM,Agree,Agree
05/16/2020,VA,30388,28901,1487,705,37,1009,975,34,7,0,05/17/2020 03:27:46 PM,Agree,Agree
05/17/2020,VA,31140,29591,1549,752,62,1014,980,34,5,0,05/18/2020 04:01:54 PM,Agree,Agree
05/18/2020,VA,32145,30539,1606,1005,57,1041,1007,34,27,0,05/19/2020 03:45:23 PM,Agree,Agree
05/19/2020,VA,32908,31247,1661,763,55,1074,1040,34,33,0,05/20/2020 03:28:26 PM,Agree,Agree
05/20/2020,VA,34137,32428,1709,1229,48,1099,1064,35,25,1,05/21/2020 03:41:38 PM,Agree,Agree
05/21/2020,VA,34950,33208,1742,813,33,1136,1100,36,37,1,05/22/2020 03:31:45 PM,Agree,Agree
05/22/2020,VA,35749,33962,1787,799,45,1159,1123,36,23,0,05/23/2020 05:58:16 PM,Agree,Agree
05/23/2020,VA,36244,34451,1793,495,6,1171,1135,36,12,0,05/24/2020 02:15:55 PM,Agree,Agree
05/24/2020,VA,37727,35890,1837,1483,44,1208,1158,50,37,14,05/25/2020 02:12:49 PM,Agree,Agree
05/25/2020,VA,39342,37440,1902,1615,65,1236,1175,61,28,11,05/26/2020 02:23:02 PM,Agree,Agree
05/26/2020,VA,40249,38276,1973,907,71,1281,1202,79,45,18,05/27/2020 03:37:59 PM,Agree,Agree
05/27/2020,VA,41401,39393,2008,1152,35,1338,1236,102,57,23,05/28/2020 03:12:25 PM,Agree,Agree
05/28/2020,VA,42533,40477,2056,1132,48,1358,1258,100,20,-2,05/29/2020 02:19:55 PM,Agree,Agree
05/29/2020,VA,43611,41529,2082,1078,26,1370,1269,101,12,1,05/30/2020 03:47:59 PM,Agree,Agree
05/30/2020,VA,44607,42499,2108,996,26,1375,1274,101,5,0,05/31/2020 02:43:17 PM,Agree,Agree
05/31/2020,VA,45398,43247,2151,791,43,1392,1282,110,17,9,06/01/2020 02:17:42 PM,Agree,Agree
06/01/2020,VA,46239,44069,2170,841,19,1407,1300,107,15,-3,06/02/2020 02:16:17 PM,Agree,Agree
06/02/2020,VA,46905,44715,2190,666,20,1428,1322,106,21,-1,06/03/2020 02:11:36 PM,Agree,Agree
06/03/2020,VA,47856,45620,2236,951,46,1445,1338,107,17,1,06/04/2020 03:03:31 PM,Agree,Agree
06/04/2020,VA,48532,46281,2251,676,15,1453,1350,103,8,-4,06/05/2020 03:17:07 PM,Agree,Agree
06/05/2020,VA,49397,47123,2274,865,23,1460,1357,103,7,0,06/06/2020 02:31:37 PM,Agree,Agree
06/06/2020,VA,50681,48349,2332,1284,58,1472,1369,103,12,0,06/07/2020 02:23:35 PM,Agree,Agree
06/07/2020,VA,51251,48879,2372,570,40,1477,1373,104,5,1,06/08/2020 02:55:08 PM,Agree,Agree
06/08/2020,VA,51738,49362,2376,487,4,1496,1391,105,19,1,06/09/2020 04:49:08 PM,Agree,Agree
06/09/2020,VA,52177,49785,2392,439,16,1514,1408,106,18,1,06/10/2020 08:56:25 PM,Agree,Agree
06/10/2020,VA,52647,50275,2372,470,-20,1520,1413,107,6,1,06/11/2020 02:48:51 PM,Agree,Agree
06/11/2020,VA,53211,50853,2358,564,-14,1534,1426,108,14,1,06/12/2020 02:17:59 PM,Agree,Agree
06/12/2020,VA,53869,51499,2370,658,12,1541,1435,106,7,-2,06/13/2020 05:46:26 PM,Agree,Agree
06/13/2020,VA,54506,52103,2403,637,33,1546,1438,108,5,2,06/14/2020 02:19:43 PM,Agree,Agree
06/14/2020,VA,54886,52460,2426,380,23,1552,1444,108,6,0,06/15/2020 02:33:03 PM,Agree,Agree
06/15/2020,VA,55331,52917,2414,445,-12,1570,1465,105,18,-3,06/16/2020 02:10:11 PM,Agree,Agree
06/16/2020,VA,55775,53318,2457,444,43,1583,1478,105,13,0,06/17/2020 03:06:04 PM,Agree,Agree
06/17/2020,VA,56238,53769,2469,463,12,1586,1482,104,3,-1,06/18/2020 05:16:14 PM,Agree,Agree
06/18/2020,VA,56793,54312,2481,555,12,1602,1499,103,16,-1,06/19/2020 03:01:11 PM,Agree,Agree
06/19/2020,VA,57443,54953,2490,650,9,1607,1504,103,5,0,06/20/2020 02:15:45 PM,Agree,Agree
06/20/2020,VA,57994,55504,2490,551,0,1611,1508,103,4,0,06/21/2020 02:32:57 PM,Agree,Agree
06/21/2020,VA,58465,55949,2516,471,26,1620,1517,103,9,0,06/22/2020 03:24:02 PM,Agree,Agree
06/22/2020,VA,58994,56452,2542,529,26,1645,1542,103,25,0,06/23/2020 02:28:19 PM,Agree,Agree
06/23/2020,VA,59514,56956,2558,520,16,1661,1559,102,16,-1,06/24/2020 03:03:27 PM,Agree,Agree
06/24/2020,VA,59946,57384,2562,432,4,1675,1572,103,14,1,06/25/2020 02:07:27 PM,Agree,Agree
06/25/2020,VA,60570,57977,2593,624,31,1700,1596,104,25,1,06/26/2020 07:18:27 PM,Agree,Agree
06/26/2020,VA,61247,58611,2636,677,43,1724,1620,104,24,0,06/27/2020 05:51:58 PM,Agree,Agree
06/27/2020,VA,61736,59071,2665,489,29,1732,1628,104,8,0,06/28/2020 02:59:02 PM,Agree,Agree
06/28/2020,VA,62189,59522,2667,453,2,1740,1635,105,8,1,06/29/2020 02:37:31 PM,Agree,Agree
06/29/2020,VA,62787,60124,2663,598,-4,1763,1658,105,23,0,06/30/2020 03:27:33 PM,Agree,Agree
06/30/2020,VA,62787,60124,2663,0,0,1763,1658,105,0,0,07/01/2020 03:45:16 PM,Agree,Agree
07/01/2020,VA,63203,60528,2675,416,12,1786,1681,105,23,0,07/02/2020 03:10:03 PM,Agree,Agree
07/02/2020,VA,63735,61039,2696,532,21,1816,1712,104,30,-1,07/03/2020 03:01:33 PM,Agree,Agree
07/03/2020,VA,64393,61690,2703,658,7,1845,1741,104,29,0,07/04/2020 03:30:31 PM,Agree,Agree
07/04/2020,VA,65748,62981,2767,1355,64,1853,1746,107,8,3,07/05/2020 03:00:14 PM,Agree,Agree
07/05/2020,VA,66102,63339,2763,354,-4,1853,1747,106,0,-1,07/06/2020 03:16:12 PM,Agree,Agree
07/06/2020,VA,66740,63950,2790,638,27,1881,1775,106,28,0,07/07/2020 02:58:02 PM,Agree,Agree
07/07/2020,VA,67375,64583,2792,635,2,1905,1799,106,24,0,07/08/2020 02:12:08 PM,Agree,Agree
07/08/2020,VA,67988,65191,2797,613,5,1937,1832,105,32,-1,07/09/2020 03:14:15 PM,Agree,Agree
07/09/2020,VA,68931,66095,2836,943,39,1958,1853,105,21,0,07/10/2020 03:35:06 PM,Agree,Agree
07/10/2020,VA,69782,66963,2819,851,-17,1962,1857,105,4,0,07/11/2020 06:25:05 PM,Agree,Agree
07/11/2020,VA,70670,67830,2840,888,21,1966,1859,107,4,2,07/12/2020 03:13:57 PM,Agree,Agree
07/12/2020,VA,71642,68814,2828,972,-12,1968,1861,107,2,0,07/13/2020 03:19:34 PM,Agree,Agree
07/13/2020,VA,72443,69610,2833,801,5,1977,1870,107,9,0,07/14/2020 03:13:07 PM,Agree,Agree
07/14/2020,VA,73527,70669,2858,1084,25,1992,1882,110,15,3,07/15/2020 03:05:12 PM,Agree,Agree
07/15/2020,VA,74431,71570,2861,904,3,2007,1903,104,15,-6,07/16/2020 02:22:21 PM,Agree,Agree
07/16/2020,VA,75433,72516,2917,1002,56,2013,1909,104,6,0,07/17/2020 02:31:01 PM,Agree,Agree
07/17/2020,VA,76373,73420,2953,940,36,2025,1921,104,12,0,07/18/2020 04:14:26 PM,Agree,Agree
07/18/2020,VA,77430,74490,2940,1057,-13,2027,1923,104,2,0,07/19/2020 03:05:47 PM,Agree,Agree
07/19/2020,VA,78375,75415,2960,945,20,2031,1927,104,4,0,07/20/2020 02:35:44 PM,Agree,Agree
07/20/2020,VA,79371,76427,2944,996,-16,2048,1945,103,17,-1,07/21/2020 02:50:17 PM,Agree,Agree
07/21/2020,VA,80393,77380,3013,1022,69,2051,1948,103,3,0,07/22/2020 02:51:28 PM,Agree,Agree
07/22/2020,VA,81237,78182,3055,844,42,2054,1951,103,3,0,07/23/2020 02:48:19 PM,Agree,Agree
07/23/2020,VA,82364,79253,3111,1127,56,2067,1964,103,13,0,07/24/2020 02:18:40 PM,Agree,Agree
07/24/2020,VA,83609,80480,3129,1245,18,2075,1972,103,8,0,07/25/2020 05:40:06 PM,Agree,Agree
07/25/2020,VA,84567,81393,3174,958,45,2078,1975,103,3,0,07/26/2020 03:17:16 PM,Agree,Agree
07/26/2020,VA,86072,82871,3201,1505,27,2082,1978,104,4,1,07/27/2020 02:16:42 PM,Agree,Agree
07/27/2020,VA,86994,83732,3262,922,61,2095,1991,104,13,0,07/28/2020 02:21:07 PM,Agree,Agree
07/28/2020,VA,87993,84700,3293,999,31,2125,2020,105,30,1,07/29/2020 02:34:46 PM,Agree,Agree
07/29/2020,VA,88904,85546,3358,911,65,2141,2035,106,16,1,07/30/2020 02:42:43 PM,Agree,Agree
07/30/2020,VA,89888,86501,3387,984,29,2174,2067,107,33,1,07/31/2020 02:35:06 PM,Agree,Agree
07/31/2020,VA,90801,87367,3434,913,47,2215,2105,110,41,3,08/01/2020 02:38:12 PM,Agree,Agree
08/01/2020,VA,91782,88324,3458,981,24,2218,2108,110,3,0,08/02/2020 02:54:37 PM,Agree,Agree
08/02/2020,VA,93106,89602,3504,1324,46,2218,2108,110,0,0,08/03/2020 02:31:01 PM,Agree,Agree
08/03/2020,VA,94251,90728,3523,1145,19,2244,2134,110,26,0,08/04/2020 02:09:35 PM,Agree,Agree
08/04/2020,VA,95049,91473,3576,798,53,2274,2164,110,30,0,08/05/2020 02:13:18 PM,Agree,Agree
08/05/2020,VA,95867,92244,3623,818,47,2299,2191,108,25,-2,08/06/2020 02:12:27 PM,Agree,Agree
08/06/2020,VA,97882,94141,3741,2015,118,2317,2208,109,18,1,08/07/2020 11:57:59 PM,Agree,Agree
08/07/2020,VA,99189,95326,3863,1307,122,2322,2211,111,5,2,08/08/2020 02:58:44 PM,Agree,Agree
08/08/2020,VA,100086,96167,3919,897,56,2326,2214,112,4,1,08/09/2020 02:03:10 PM,Agree,Agree
08/09/2020,VA,100750,96808,3942,664,23,2327,2215,112,1,0,08/10/2020 02:23:35 PM,Agree,Agree
08/10/2020,VA,101746,97713,4033,996,91,2344,2232,112,17,0,08/11/2020 02:16:27 PM,Agree,Agree
08/11/2020,VA,102521,98374,4147,775,114,2352,2238,114,8,2,08/12/2020 01:50:14 PM,Agree,Agree
08/12/2020,VA,103623,99429,4194,1102,47,2364,2249,115,12,1,08/13/2020 02:12:28 PM,Agree,Agree
08/13/2020,VA,104838,100603,4235,1215,41,2370,2255,115,6,0,08/14/2020 02:30:03 PM,Agree,Agree
08/14/2020,VA,105753,101451,4302,915,67,2381,2265,116,11,1,08/15/2020 02:02:05 PM,Agree,Agree
08/15/2020,VA,106691,102303,4388,938,86,2382,2267,115,1,-1,08/16/2020 02:57:14 PM,Agree,Agree
08/16/2020,VA,107421,103016,4405,730,17,2385,2268,117,3,2,08/17/2020 02:26:31 PM,Agree,Agree
08/17/2020,VA,108283,103810,4473,862,68,2397,2279,118,12,1,08/18/2020 02:26:55 PM,Agree,Agree
08/18/2020,VA,109019,104475,4544,736,71,2410,2293,117,13,-1,08/19/2020 02:23:51 PM,Agree,Agree
08/19/2020,VA,109882,105289,4593,863,49,2427,2310,117,17,0,08/20/2020 03:11:45 PM,Agree,Agree
08/20/2020,VA,110860,106177,4683,978,90,2436,2319,117,9,0,08/21/2020 02:27:34 PM,Agree,Agree
08/21/2020,VA,112072,107268,4804,1212,121,2443,2324,119,7,2,08/22/2020 02:21:09 PM,Agree,Agree
08/22/2020,VA,112072,107268,4804,0,0,2443,2324,119,0,0,08/23/2020 02:15:28 PM,Agree,Agree
08/23/2020,VA,113630,108767,4863,1558,59,2471,2352,119,28,0,08/24/2020 01:54:34 PM,Agree,Agree
08/24/2020,VA,114636,109680,4956,1006,93,2495,2371,124,24,5,08/25/2020 02:02:54 PM,Agree,Agree
08/25/2020,VA,115458,110437,5021,822,65,2515,2382,133,20,9,08/26/2020 01:51:40 PM,Agree,Agree
08/26/2020,VA,116579,111484,5095,1121,74,2527,2394,133,12,0,08/27/2020 01:42:08 PM,Agree,Agree
08/27/2020,VA,117592,112446,5146,1013,51,2550,2417,133,23,0,08/28/2020 01:43:49 PM,Agree,Agree
08/28/2020,VA,118809,113623,5186,1217,40,2568,2435,133,18,0,08/29/2020 01:42:50 PM,Agree,Agree
08/29/2020,VA,119747,114514,5233,938,47,2569,2436,133,1,0,08/30/2020 02:49:52 PM,Agree,Agree
08/30/2020,VA,120594,115334,5260,847,27,2580,2447,133,11,0,08/31/2020 02:05:56 PM,Agree,Agree
08/31/2020,VA,121615,116294,5321,1021,61,2612,2479,133,32,0,09/01/2020 02:09:34 PM,Agree,Agree
09/01/2020,VA,122542,117141,5401,927,80,2641,2508,133,29,0,09/02/2020 01:49:48 PM,Agree,Agree
09/02/2020,VA,123668,118190,5478,1126,77,2652,2519,133,11,0,09/03/2020 02:18:16 PM,Agree,Agree
09/03/2020,VA,124779,119259,5520,1111,42,2662,2529,133,10,0,09/04/2020 01:36:16 PM,Agree,Agree
09/04/2020,VA,125727,120191,5536,948,16,2677,2544,133,15,0,09/05/2020 02:09:45 PM,Agree,Agree
09/05/2020,VA,126926,121317,5609,1199,73,2678,2545,133,1,0,09/06/2020 02:09:04 PM,Agree,Agree
09/06/2020,VA,127571,121919,5652,645,43,2684,2551,133,6,0,09/07/2020 01:37:36 PM,Agree,Agree
09/07/2020,VA,128407,122711,5696,836,44,2686,2553,133,2,0,09/08/2020 02:47:00 PM,Agree,Agree
09/08/2020,VA,129289,123488,5801,882,105,2697,2564,133,11,0,09/09/2020 01:47:50 PM,Agree,Agree
09/09/2020,VA,130529,124623,5906,1240,105,2708,2575,133,11,0,09/10/2020 02:02:53 PM,Agree,Agree
09/10/2020,VA,131644,125707,5937,1115,31,2711,2578,133,3,0,09/11/2020 01:51:03 PM,Agree,Agree
09/11/2020,VA,132940,126850,6090,1296,153,2722,2589,133,11,0,09/12/2020 02:12:43 PM,Agree,Agree
09/12/2020,VA,133814,127672,6142,874,52,2724,2591,133,2,0,09/13/2020 04:17:15 PM,Agree,Agree
09/13/2020,VA,134571,128400,6171,757,29,2743,2607,136,19,3,09/14/2020 02:01:21 PM,Agree,Agree
09/14/2020,VA,135514,129259,6255,943,84,2839,2691,148,96,12,09/15/2020 02:03:59 PM,Agree,Agree
09/15/2020,VA,136359,129963,6396,845,141,2884,2711,173,45,25,09/16/2020 01:53:41 PM,Agree,Agree
09/16/2020,VA,137460,130960,6500,1101,104,2920,2734,186,36,13,09/17/2020 01:45:45 PM,Agree,Agree
09/17/2020,VA,138702,132090,6612,1242,112,2949,2755,194,29,8,09/18/2020 01:48:37 PM,Agree,Agree
09/18/2020,VA,139655,132966,6689,953,77,2990,2787,203,41,9,09/19/2020 02:00:26 PM,Agree,Agree
09/19/2020,VA,140512,133723,6789,857,100,3015,2811,204,25,1,09/20/2020 01:53:10 PM,Agree,Agree
09/20/2020,VA,141138,134301,6837,626,48,3021,2816,205,6,1,09/21/2020 01:47:41 PM,Agree,Agree
09/21/2020,VA,142010,135101,6909,872,72,3060,2853,207,39,2,09/22/2020 01:51:57 PM,Agree,Agree
09/22/2020,VA,142590,135626,6964,580,55,3089,2882,207,29,0,09/23/2020 01:51:22 PM,Agree,Agree
09/23/2020,VA,143492,136448,7044,902,80,3113,2907,206,24,-1,09/24/2020 01:54:02 PM,Agree,Agree
09/24/2020,VA,144433,137283,7150,941,106,3136,2930,206,23,0,09/25/2020 01:54:10 PM,Agree,Agree
09/25/2020,VA,145408,138173,7235,975,85,3144,2937,207,8,1,09/26/2020 01:46:07 PM,Agree,Agree
09/26/2020,VA,146144,138734,7410,736,175,3159,2951,208,15,1,09/27/2020 01:39:49 PM,Agree,Agree
09/27/2020,VA,146593,139144,7449,449,39,3172,2962,210,13,2,09/28/2020 01:50:59 PM,Agree,Agree
09/28/2020,VA,147516,139961,7555,923,106,3187,2976,211,15,1,09/29/2020 01:50:42 PM,Agree,Agree
09/29/2020,VA,148272,140615,7657,756,102,3208,2995,213,21,2,09/30/2020 02:17:41 PM,Agree,Agree
09/30/2020,VA,148721,140990,7731,449,74,3228,3015,213,20,0,10/01/2020 01:42:11 PM,Agree,Agree
10/01/2020,VA,149687,141850,7837,966,106,3250,3037,213,22,0,10/02/2020 01:40:08 PM,Agree,Agree
10/02/2020,VA,150803,142923,7880,1116,43,3270,3057,213,20,0,10/03/2020 01:39:53 PM,Agree,Agree
10/03/2020,VA,151870,143883,7987,1067,107,3273,3060,213,3,0,10/04/2020 01:35:23 PM,Agree,Agree
10/04/2020,VA,152557,144439,8118,687,131,3276,3063,213,3,0,10/05/2020 01:49:47 PM,Agree,Agree
10/05/2020,VA,153182,144987,8195,625,77,3291,3077,214,15,1,10/06/2020 01:33:58 PM,Agree,Agree
10/06/2020,VA,153691,145462,8229,509,34,3303,3088,215,12,1,10/07/2020 01:45:01 PM,Agree,Agree
10/07/2020,VA,155535,146957,8578,1844,349,3328,3097,231,25,16,10/08/2020 01:56:57 PM,Agree,Agree
10/08/2020,VA,156649,147928,8721,1114,143,3344,3110,234,16,3,10/09/2020 01:43:36 PM,Agree,Agree
10/09/2020,VA,157905,148933,8972,1256,251,3354,3116,238,10,4,10/10/2020 01:30:17 PM,Agree,Agree
10/10/2020,VA,158716,149631,9085,811,113,3358,3120,238,4,0,10/11/2020 01:47:22 PM,Agree,Agree
10/11/2020,VA,159570,150321,9249,854,164,3361,3122,239,3,1,10/12/2020 02:07:08 PM,Agree,Agree
10/12/2020,VA,160805,151357,9448,1235,199,3372,3132,240,11,1,10/13/2020 01:29:38 PM,Agree,Agree
10/13/2020,VA,161610,152039,9571,805,123,3381,3141,240,9,0,10/14/2020 01:28:39 PM,Agree,Agree
10/14/2020,VA,162941,153117,9824,1331,253,3388,3149,239,7,-1,10/15/2020 01:30:46 PM,Agree,Agree
10/15/2020,VA,164124,154126,9998,1183,174,3408,3161,247,20,8,10/16/2020 01:33:55 PM,Agree,Agree
10/16/2020,VA,165238,155068,10170,1114,172,3422,3175,247,14,0,10/17/2020 02:09:18 PM,Agree,Agree
10/17/2020,VA,166138,155838,10300,900,130,3433,3186,247,11,0,10/18/2020 01:26:54 PM,Agree,Agree
10/18/2020,VA,166828,156439,10389,690,89,3457,3209,248,24,1,10/19/2020 02:06:44 PM,Agree,Agree
10/19/2020,VA,167754,157213,10541,926,152,3485,3236,249,28,1,10/20/2020 02:59:27 PM,Agree,Agree
10/20/2020,VA,168772,157998,10774,1018,233,3515,3266,249,30,0,10/21/2020 01:34:31 PM,Agree,Agree
10/21/2020,VA,170104,159060,11044,1332,270,3524,3274,250,9,1,10/22/2020 01:34:46 PM,Agree,Agree
10/22/2020,VA,171284,160004,11280,1180,236,3539,3293,246,15,-4,10/23/2020 01:44:31 PM,Agree,Agree
10/23/2020,VA,172372,160843,11529,1088,249,3578,3328,250,39,4,10/24/2020 01:26:44 PM,Agree,Agree
10/24/2020,VA,173371,161668,11703,999,174,3579,3329,250,1,0,10/25/2020 01:45:35 PM,Agree,Agree
10/25/2020,VA,174275,162427,11848,904,145,3581,3331,250,2,0,10/26/2020 01:41:41 PM,Agree,Agree
10/26/2020,VA,175409,163339,12070,1134,222,3600,3350,250,19,0,10/27/2020 01:47:53 PM,Agree,Agree
10/27/2020,VA,176754,164308,12446,1345,376,3616,3364,252,16,2,10/28/2020 01:52:28 PM,Agree,Agree
10/28/2020,VA,178183,165384,12799,1429,353,3636,3384,252,20,0,10/29/2020 02:11:33 PM,Agree,Agree
10/29/2020,VA,179639,166551,13088,1456,289,3643,3391,252,7,0,10/30/2020 01:37:23 PM,Agree,Agree
10/30/2020,VA,181191,167704,13487,1552,399,3654,3398,256,11,4,10/31/2020 01:30:31 PM,Agree,Agree
10/31/2020,VA,182393,168676,13717,1202,230,3655,3399,256,1,0,11/01/2020 03:03:08 PM,Agree,Agree
11/01/2020,VA,183419,169513,13906,1026,189,3658,3402,256,3,0,11/02/2020 02:53:09 PM,Agree,Agree
11/02/2020,VA,184680,170578,14102,1261,196,3666,3408,258,8,2,11/03/2020 02:57:05 PM,Agree,Agree
11/03/2020,VA,185837,171427,14410,1157,308,3677,3416,261,11,3,11/04/2020 03:03:00 PM,Agree,Agree
11/04/2020,VA,187203,172419,14784,1366,374,3688,3426,262,11,1,11/05/2020 02:39:23 PM,Agree,Agree
11/05/2020,VA,188771,173646,15125,1568,341,3682,3432,250,-6,-12,11/06/2020 03:33:41 PM,Agree,Agree
11/06/2020,VA,190874,175188,15686,2103,561,3704,3439,265,22,15,11/07/2020 02:45:17 PM,Agree,Agree
11/07/2020,VA,192176,176220,15956,1302,270,3707,3441,266,3,1,11/08/2020 02:40:34 PM,Agree,Agree
11/08/2020,VA,193478,177241,16237,1302,281,3713,3447,266,6,0,11/09/2020 02:38:54 PM,Agree,Agree
11/09/2020,VA,194913,178433,16480,1435,243,3726,3460,266,13,0,11/10/2020 02:45:45 PM,Agree,Agree
11/10/2020,VA,196507,179687,16820,1594,340,3741,3474,267,15,1,11/11/2020 03:15:25 PM,Agree,Agree
11/11/2020,VA,198028,180624,17404,1521,584,3758,3490,268,17,1,11/12/2020 02:55:21 PM,Agree,Agree
11/12/2020,VA,199263,181477,17786,1235,382,3785,3513,272,27,4,11/13/2020 02:54:34 PM,Agree,Agree
11/13/2020,VA,200800,182485,18315,1537,529,3799,3526,273,14,1,11/14/2020 02:44:40 PM,Agree,Agree
11/14/2020,VA,201961,183455,18506,1161,191,3800,3527,273,1,0,11/15/2020 03:12:13 PM,Agree,Agree
11/15/2020,VA,204638,185526,19112,2677,606,3805,3533,272,5,-1,11/16/2020 06:40:02 PM,Agree,Agree
11/16/2020,VA,206763,187288,19475,2125,363,3835,3557,278,30,6,11/17/2020 02:52:47 PM,Agree,Agree
11/17/2020,VA,208834,188854,19980,2071,505,3860,3569,291,25,13,11/18/2020 02:57:46 PM,Agree,Agree
11/18/2020,VA,210788,190157,20631,1954,651,3896,3594,302,36,11,11/19/2020 03:01:36 PM,Agree,Agree
11/19/2020,VA,213332,191972,21360,2544,729,3912,3605,307,16,5,11/20/2020 03:06:16 PM,Agree,Agree
11/20/2020,VA,215680,193755,21925,2348,565,3938,3628,310,26,3,11/21/2020 02:59:41 PM,Agree,Agree
11/21/2020,VA,217797,195500,22297,2117,372,3938,3628,310,0,0,11/22/2020 03:02:23 PM,Agree,Agree
11/22/2020,VA,221039,198143,22896,3242,599,3942,3629,313,4,3,11/23/2020 03:04:35 PM,Agree,Agree
11/23/2020,VA,223583,200285,23298,2544,402,3979,3660,319,37,6,11/24/2020 03:27:55 PM,Agree,Agree
11/24/2020,VA,226301,202427,23874,2718,576,4008,3679,329,29,10,11/25/2020 02:53:15 PM,Agree,Agree
11/25/2020,VA,228901,204407,24494,2600,620,4029,3698,331,21,2,11/26/2020 02:44:21 PM,Agree,Agree
11/26/2020,VA,230445,205633,24812,1544,318,4044,3704,340,15,9,11/27/2020 03:07:59 PM,Agree,Agree
11/27/2020,VA,233618,208170,25448,3173,636,4054,3715,339,10,-1,11/28/2020 02:46:47 PM,Agree,Agree
11/28/2020,VA,235943,209784,26159,2325,711,4058,3719,339,4,0,11/29/2020 02:49:08 PM,Agree,Agree
11/29/2020,VA,237836,211255,26581,1893,422,4062,3723,339,4,0,11/30/2020 02:51:40 PM,Agree,Agree
11/30/2020,VA,240064,212917,27147,2228,566,4093,3750,343,31,4,12/01/2020 03:26:07 PM,Agree,Agree
12/01/2020,VA,242481,214387,28094,2417,947,4113,3768,345,20,2,12/02/2020 03:48:48 PM,Agree,Agree
12/02/2020,VA,244503,215768,28735,2022,641,4147,3798,349,34,4,12/03/2020 03:21:08 PM,Agree,Agree
12/03/2020,VA,247380,217588,29792,2877,1057,4160,3805,355,13,6,12/04/2020 03:00:59 PM,Agree,Agree
12/04/2020,VA,251173,220510,30663,3793,871,4197,3819,378,37,23,12/05/2020 02:29:17 PM,Agree,Agree
12/05/2020,VA,255053,223379,31674,3880,1011,4200,3822,378,3,0,12/06/2020 02:51:16 PM,Agree,Agree
12/06/2020,VA,258870,226426,32444,3817,770,4208,3829,379,8,1,12/07/2020 02:38:33 PM,Agree,Agree
12/07/2020,VA,262730,229553,33177,3860,733,4260,3875,385,52,6,12/08/2020 02:59:49 PM,Agree,Agree
12/08/2020,VA,267129,232941,34188,4399,1011,4281,3894,387,21,2,12/09/2020 02:45:40 PM,Agree,Agree
12/09/2020,VA,271043,235720,35323,3914,1135,4335,3940,395,54,8,12/10/2020 02:50:16 PM,Agree,Agree
12/10/2020,VA,274438,238281,36157,3395,834,4370,3973,397,35,2,12/11/2020 03:06:51 PM,Agree,Agree
12/11/2020,VA,278615,241397,37218,4177,1061,4409,4005,404,39,7,12/12/2020 02:59:37 PM,Agree,Agree
12/12/2020,VA,281909,243919,37990,3294,772,4411,4006,405,2,1,12/13/2020 02:31:19 PM,Agree,Agree
12/13/2020,VA,285149,246566,38583,3240,593,4414,4009,405,3,0,12/14/2020 02:36:45 PM,Agree,Agree
12/14/2020,VA,288309,249040,39269,3160,686,4470,4058,412,56,7,12/15/2020 02:39:02 PM,Agree,Agree
12/15/2020,VA,292240,251894,40346,3931,1077,4508,4090,418,38,6,12/16/2020 02:28:57 PM,Agree,Agree
12/16/2020,VA,296093,254722,41371,3853,1025,4553,4126,427,45,9,12/17/2020 02:33:42 PM,Agree,Agree
12/17/2020,VA,299389,256999,42390,3296,1019,4599,4164,435,46,8,12/18/2020 02:45:01 PM,Agree,Agree
12/18/2020,VA,302972,259635,43337,3583,947,4643,4184,459,44,24,12/19/2020 02:42:31 PM,Agree,Agree
12/19/2020,VA,306848,262589,44259,3876,922,4650,4189,461,7,2,12/20/2020 02:32:33 PM,Agree,Agree
12/20/2020,VA,310889,265784,45105,4041,846,4654,4192,462,4,1,12/21/2020 02:39:53 PM,Agree,Agree
12/21/2020,VA,314482,268473,46009,3593,904,4705,4221,484,51,22,12/22/2020 02:35:48 PM,Agree,Agree
12/22/2020,VA,319133,271811,47322,4651,1313,4760,4251,509,55,25,12/23/2020 02:36:58 PM,Agree,Agree
12/23/2020,VA,323915,275235,48680,4782,1358,4791,4263,528,31,19,12/24/2020 02:31:20 PM,Agree,Agree
12/24/2020,VA,327993,278048,49945,4078,1265,4820,4268,552,29,24,12/25/2020 02:25:34 PM,Agree,Agree
12/25/2020,VA,329577,279153,50424,1584,479,4840,4272,568,20,16,12/26/2020 02:34:18 PM,Agree,Agree
12/26/2020,VA,333576,282407,51169,3999,745,4854,4285,569,14,1,12/27/2020 02:44:47 PM,Agree,Agree
12/27/2020,VA,336175,284344,51831,2599,662,4861,4288,573,7,4,12/28/2020 02:42:49 PM,Agree,Agree
12/28/2020,VA,340297,287216,53081,4122,1250,4920,4340,580,59,7,12/29/2020 02:56:32 PM,Agree,Agree
12/29/2020,VA,344345,289732,54613,4048,1532,4984,4394,590,64,10,12/30/2020 02:56:20 PM,Agree,Agree
12/30/2020,VA,349584,293446,56138,5239,1525,5032,4437,595,48,5,12/31/2020 02:55:07 PM,Agree,Agree
12/31/2020,VA,354767,297054,57713,5183,1575,5081,4478,603,49,8,01/01/2021 02:49:07 PM,Agree,Agree
01/01/2021,VA,358755,299963,58792,3988,1079,5117,4509,608,36,5,01/02/2021 02:50:51 PM,Agree,Agree
01/02/2021,VA,363765,303881,59884,5010,1092,5124,4516,608,7,0,01/03/2021 02:53:25 PM,Agree,Agree
01/03/2021,VA,367536,306617,60919,3771,1035,5132,4522,610,8,2,01/04/2021 02:55:45 PM,Agree,Agree
01/04/2021,VA,371913,309659,62254,4377,1335,5191,4572,619,59,9,01/05/2021 03:00:42 PM,Agree,Agree
01/05/2021,VA,377300,313349,63951,5387,1697,5226,4604,622,35,3,01/06/2021 02:58:26 PM,Agree,Agree
01/06/2021,VA,382679,317123,65556,5379,1605,5275,4646,629,49,7,01/07/2021 02:56:59 PM,Agree,Agree
01/07/2021,VA,387917,321172,66745,5238,1189,5312,4681,631,37,2,01/08/2021 03:56:01 PM,Agree,Agree
01/08/2021,VA,393715,325517,68198,5798,1453,5381,4748,633,69,2,01/09/2021 03:26:08 PM,Agree,Agree
01/09/2021,VA,398856,329185,69671,5141,1473,5383,4749,634,2,1,01/10/2021 04:10:55 PM,Agree,Agree
01/10/2021,VA,403386,332730,70656,4530,985,5393,4758,635,10,1,01/11/2021 03:01:02 PM,Agree,Agree
01/11/2021,VA,407947,336203,71744,4561,1088,5477,4833,644,84,9,01/12/2021 02:48:35 PM,Agree,Agree
01/12/2021,VA,412545,339468,73077,4598,1333,5552,4892,660,75,16,01/13/2021 02:44:58 PM,Agree,Agree
01/13/2021,VA,417839,343304,74535,5294,1458,5626,4952,674,74,14,01/14/2021 03:12:46 PM,Agree,Agree
01/14/2021,VA,422634,346917,75717,4795,1182,5656,4982,674,30,0,01/15/2021 02:46:04 PM,Agree,Agree
01/15/2021,VA,429391,351970,77421,6757,1704,5706,5016,690,50,16,01/16/2021 02:46:10 PM,Agree,Agree
01/16/2021,VA,439305,357345,81960,9914,4539,5729,5037,692,23,2,01/17/2021 03:43:14 PM,Agree,Agree
01/17/2021,VA,446550,362732,83818,7245,1858,5739,5042,697,10,5,01/18/2021 02:39:32 PM,Agree,Agree
01/18/2021,VA,451076,366159,84917,4526,1099,5798,5084,714,59,17,01/19/2021 02:37:00 PM,Agree,Agree
01/19/2021,VA,455591,369056,86535,4515,1618,5861,5137,724,63,10,01/20/2021 02:44:03 PM,Agree,Agree
01/20/2021,VA,459604,372216,87388,4013,853,5940,5211,729,79,5,01/21/2021 02:44:32 PM,Agree,Agree
01/21/2021,VA,463751,374908,88843,4147,1455,6002,5269,733,62,4,01/22/2021 02:51:49 PM,Agree,Agree
01/22/2021,VA,468655,378689,89966,4904,1123,6079,5334,745,77,12,01/23/2021 02:50:13 PM,Agree,Agree
01/23/2021,VA,472447,381441,91006,3792,1040,6078,5361,717,-1,-28,01/24/2021 02:36:49 PM,Agree,Agree
01/24/2021,VA,478619,385892,92727,6172,1721,6081,5363,718,3,1,01/25/2021 02:42:40 PM,Agree,Agree
01/25/2021,VA,483326,389259,94067,4707,1340,6174,5442,732,93,14,01/26/2021 02:46:01 PM,Agree,Agree
01/26/2021,VA,488553,392935,95618,5227,1551,6228,5489,739,54,7,01/27/2021 02:53:24 PM,Agree,Agree
01/27/2021,VA,493674,396440,97234,5121,1616,6308,5566,742,80,3,01/28/2021 02:49:07 PM,Agree,Agree
01/28/2021,VA,497912,399577,98335,4238,1101,6379,5606,773,71,31,01/29/2021 02:42:19 PM,Agree,Agree
01/29/2021,VA,502221,402532,99689,4309,1354,6449,5646,803,70,30,01/30/2021 02:43:11 PM,Agree,Agree
01/30/2021,VA,504779,404469,100310,2558,621,6464,5657,807,15,4,01/31/2021 02:48:12 PM,Agree,Agree
01/31/2021,VA,507640,406591,101049,2861,739,6474,5666,808,10,1,02/01/2021 02:50:29 PM,Agree,Agree
02/01/2021,VA,510380,408421,101959,2740,910,6517,5684,833,43,25,02/02/2021 02:51:51 PM,Agree,Agree
02/02/2021,VA,513339,410550,102789,2959,830,6575,5712,863,58,30,02/03/2021 02:55:58 PM,Agree,Agree
02/03/2021,VA,516398,412548,103850,3059,1061,6650,5755,895,75,32,02/04/2021 02:53:58 PM,Agree,Agree
02/04/2021,VA,521467,416189,105278,5069,1428,6732,5816,916,82,21,02/05/2021 02:54:41 PM,Agree,Agree
02/05/2021,VA,526177,419383,106794,4710,1516,6774,5836,938,42,22,02/06/2021 04:05:17 PM,Agree,Agree
02/06/2021,VA,529125,421466,107659,2948,865,6778,5840,938,4,0,02/07/2021 02:46:31 PM,Agree,Agree
02/07/2021,VA,530825,422723,108102,1700,443,6820,5874,946,42,8,02/08/2021 02:53:12 PM,Agree,Agree
02/08/2021,VA,534116,425066,109050,3291,948,6898,5932,966,78,20,02/09/2021 03:24:29 PM,Agree,Agree
02/09/2021,VA,537319,427188,110131,3203,1081,6932,5951,981,34,15,02/10/2021 02:52:16 PM,Agree,Agree
02/10/2021,VA,541018,429779,111239,3699,1108,6958,5978,980,26,-1,02/11/2021 02:50:55 PM,Agree,Agree
02/11/2021,VA,544209,432084,112125,3191,886,6966,5988,978,8,-2,02/12/2021 02:56:38 PM,Agree,Agree
02/12/2021,VA,547424,434413,113011,3215,886,6996,6010,986,30,8,02/13/2021 02:50:08 PM,Agree,Agree
02/13/2021,VA,549999,436206,113793,2575,782,7012,6024,988,16,2,02/14/2021 02:51:00 PM,Agree,Agree
02/14/2021,VA,551538,437262,114276,1539,483,7016,6028,988,4,0,02/15/2021 02:46:24 PM,Agree,Agree
02/15/2021,VA,553308,438276,115032,1770,756,7037,6047,990,21,2,02/16/2021 02:53:06 PM,Agree,Agree
02/16/2021,VA,555592,439674,115918,2284,886,7075,6080,995,38,5,02/17/2021 02:51:58 PM,Agree,Agree
02/17/2021,VA,557896,441200,116696,2304,778,7090,6096,994,15,-1,02/18/2021 02:43:57 PM,Agree,Agree
02/18/2021,VA,559930,442757,117173,2034,477,7098,6107,991,8,-3,02/19/2021 03:33:51 PM,Agree,Agree
02/19/2021,VA,561812,444150,117662,1882,489,7197,6198,999,99,8,02/20/2021 02:45:37 PM,Agree,Agree
02/20/2021,VA,564115,445808,118307,2303,645,7331,6320,1011,134,12,02/21/2021 02:57:50 PM,Agree,Agree
02/21/2021,VA,565270,446642,118628,1155,321,7486,6445,1041,155,30,02/22/2021 02:53:38 PM,Agree,Agree
02/22/2021,VA,567039,447840,119199,1769,571,7658,6590,1068,172,27,02/23/2021 02:51:13 PM,Agree,Agree
02/23/2021,VA,568946,449000,119946,1907,747,7807,6712,1095,149,27,02/24/2021 02:56:12 PM,Agree,Agree
02/24/2021,VA,570982,450388,120594,2036,648,7963,6848,1115,156,20,02/25/2021 02:54:32 PM,Agree,Agree
02/25/2021,VA,572639,451539,121100,1657,506,8197,7037,1160,234,45,02/26/2021 03:02:41 PM,Agree,Agree
02/26/2021,VA,574314,452664,121650,1675,550,8382,7189,1193,185,33,02/27/2021 02:51:23 PM,Agree,Agree
02/27/2021,VA,576050,453932,122118,1736,468,8552,7334,1218,170,25,02/28/2021 02:48:18 PM,Agree,Agree
02/28/2021,VA,577174,454735,122439,1124,321,8783,7530,1253,231,35,03/01/2021 03:21:38 PM,Agree,Agree
03/01/2021,VA,578559,455578,122981,1385,542,8943,7674,1269,160,16,03/02/2021 02:54:47 PM,Agree,Agree
03/02/2021,VA,580108,456462,123646,1549,665,9326,7993,1333,383,64,03/03/2021 03:20:17 PM,Agree,Agree
03/03/2021,VA,581408,457348,124060,1300,414,9357,8018,1339,31,6,03/04/2021 03:08:33 PM,Agree,Agree
03/04/2021,VA,583060,458696,124364,1652,304,9428,8049,1379,71,40,03/05/2021 04:11:33 PM,Agree,Agree
03/05/2021,VA,584537,460273,124264,1477,-100,9519,8090,1429,91,50,03/06/2021 03:08:48 PM,Agree,Agree
03/06/2021,VA,585700,461172,124528,1163,264,9596,8104,1492,77,63,03/07/2021 02:51:40 PM,Agree,Agree
03/07/2021,VA,586592,461808,124784,892,256,9683,8117,1566,87,74,03/08/2021 02:47:36 PM,Agree,Agree
03/08/2021,VA,588129,463522,124607,1537,-177,9790,8162,1628,107,62,03/09/2021 02:47:41 PM,Agree,Agree
03/09/2021,VA,589375,464360,125015,1246,408,9849,8217,1632,59,4,03/10/2021 02:58:31 PM,Agree,Agree
03/10/2021,VA,590626,465240,125386,1251,371,9903,8275,1628,54,-4,03/11/2021 03:36:21 PM,Agree,Agree
03/11/2021,VA,592215,466331,125884,1589,498,9962,8327,1635,59,7,03/12/2021 03:20:13 PM,Agree,Agree
03/12/2021,VA,593562,467237,126325,1347,441,9985,8352,1633,23,-2,03/13/2021 03:19:19 PM,Agree,Agree
03/13/2021,VA,594735,467995,126740,1173,415,10019,8381,1638,34,5,03/14/2021 01:53:25 PM,Agree,Agree
03/14/2021,VA,595865,468730,127135,1130,395,10060,8423,1637,41,-1,03/15/2021 02:03:45 PM,Agree,Agree
03/15/2021,VA,597141,469573,127568,1276,433,10104,8438,1666,44,29,03/16/2021 02:12:32 PM,Agree,Agree
03/16/2021,VA,598468,470403,128065,1327,497,10154,8470,1684,50,18,03/17/2021 02:24:24 PM,Agree,Agree
03/17/2021,VA,600550,471770,128780,2082,715,10182,8498,1684,28,0,03/18/2021 02:01:55 PM,Agree,Agree
03/18/2021,VA,602182,472799,129383,1632,603,10092,8450,1642,-90,-42,03/19/2021 02:25:43 PM,Agree,Agree
03/19/2021,VA,603745,473832,129913,1563,530,10104,8463,1641,12,-1,03/20/2021 02:03:21 PM,Agree,Agree
03/20/2021,VA,604904,474588,130316,1159,403,10117,8474,1643,13,2,03/21/2021 01:54:01 PM,Agree,Agree
03/21/2021,VA,605967,475385,130582,1063,266,10127,8484,1643,10,0,03/22/2021 01:57:09 PM,Agree,Agree
03/22/2021,VA,607234,476123,131111,1267,529,10137,8497,1640,10,-3,03/23/2021 02:05:18 PM,Agree,Agree
03/23/2021,VA,608704,476936,131768,1470,657,10143,8503,1640,6,0,03/24/2021 02:16:52 PM,Agree,Agree
03/24/2021,VA,610263,477880,132383,1559,615,10147,8507,1640,4,0,03/25/2021 02:25:23 PM,Agree,Agree
03/25/2021,VA,612063,479006,133057,1800,674,10155,8515,1640,8,0,03/26/2021 02:14:54 PM,Agree,Agree
03/26/2021,VA,613975,480406,133569,1912,512,10179,8537,1642,24,2,03/27/2021 02:01:18 PM,Agree,Agree
03/27/2021,VA,615367,481352,134015,1392,446,10199,8554,1645,20,3,03/28/2021 01:52:27 PM,Agree,Agree
03/28/2021,VA,616510,482187,134323,1143,308,10220,8571,1649,21,4,03/29/2021 01:48:56 PM,Agree,Agree
03/29/2021,VA,617941,483177,134764,1431,441,10242,8590,1652,22,3,03/30/2021 02:06:13 PM,Agree,Agree
03/30/2021,VA,618976,483775,135201,1035,437,10252,8602,1650,10,-2,03/31/2021 02:08:03 PM,Agree,Agree
03/31/2021,VA,620802,485038,135764,1826,563,10269,8615,1654,17,4,04/01/2021 02:13:30 PM,Agree,Agree
04/01/2021,VA,622339,486047,136292,1537,528,10279,8626,1653,10,-1,04/02/2021 01:56:15 PM,Agree,Agree
04/02/2021,VA,623881,487107,136774,1542,482,10287,8634,1653,8,0,04/03/2021 01:51:09 PM,Agree,Agree
04/03/2021,VA,625148,488041,137107,1267,333,10329,8674,1655,42,2,04/04/2021 01:43:43 PM,Agree,Agree
04/04/2021,VA,626171,488788,137383,1023,276,10360,8699,1661,31,6,04/05/2021 01:43:02 PM,Agree,Agree
04/05/2021,VA,627605,489901,137704,1434,321,10401,8716,1685,41,24,04/06/2021 01:43:58 PM,Agree,Agree
04/06/2021,VA,629155,490958,138197,1550,493,10415,8719,1696,14,11,04/07/2021 02:25:43 PM,Agree,Agree
04/07/2021,VA,631083,492454,138629,1928,432,10436,8742,1694,21,-2,04/08/2021 01:46:50 PM,Agree,Agree
04/08/2021,VA,632625,493454,139171,1542,542,10451,8755,1696,15,2,04/09/2021 02:11:49 PM,Agree,Agree
04/09/2021,VA,634325,494701,139624,1700,453,10458,8767,1691,7,-5,04/10/2021 01:45:46 PM,Agree,Agree
04/10/2021,VA,635552,495627,139925,1227,301,10472,8780,1692,14,1,04/11/2021 01:50:11 PM,Agree,Agree
04/11/2021,VA,636862,496623,140239,1310,314,10486,8794,1692,14,0,04/12/2021 01:39:29 PM,Agree,Agree
04/12/2021,VA,638910,497840,141070,2048,831,10506,8811,1695,20,3,04/13/2021 02:00:37 PM,Agree,Agree
04/13/2021,VA,640211,498643,141568,1301,498,10510,8815,1695,4,0,04/14/2021 02:34:57 PM,Agree,Agree
04/14/2021,VA,641626,499675,141951,1415,383,10529,8836,1693,19,-2,04/15/2021 01:58:27 PM,Agree,Agree
04/15/2021,VA,643220,500926,142294,1594,343,10549,8853,1696,20,3,04/16/2021 02:12:25 PM,Agree,Agree
04/16/2021,VA,644828,502101,142727,1608,433,10564,8865,1699,15,3,04/17/2021 01:58:33 PM,Agree,Agree
04/17/2021,VA,646133,503043,143090,1305,363,10581,8882,1699,17,0,04/18/2021 01:41:35 PM,Agree,Agree
04/18/2021,VA,647111,503725,143386,978,296,10595,8893,1702,14,3,04/19/2021 03:04:26 PM,Agree,Agree
04/19/2021,VA,648347,504623,143724,1236,338,10625,8920,1705,30,3,04/20/2021 02:59:01 PM,Agree,Agree
04/20/2021,VA,649608,505419,144189,1261,465,10640,8931,1709,15,4,04/21/2021 02:12:05 PM,Agree,Agree
04/21/2021,VA,650982,506221,144761,1374,572,10654,8942,1712,14,3,04/22/2021 01:56:30 PM,Agree,Agree
04/22/2021,VA,652322,507263,145059,1340,298,10666,8954,1712,12,0,04/23/2021 01:57:50 PM,Agree,Agree
04/23/2021,VA,653326,508034,145292,1004,233,10675,8963,1712,9,0,04/24/2021 02:22:34 PM,Agree,Agree
04/24/2021,VA,654210,508565,145645,884,353,10691,8977,1714,16,2,04/25/2021 01:42:01 PM,Agree,Agree
04/25/2021,VA,654929,509164,145765,719,120,10706,8995,1711,15,-3,04/26/2021 01:45:41 PM,Agree,Agree
04/26/2021,VA,656034,510072,145962,1105,197,10724,9010,1714,18,3,04/27/2021 01:56:18 PM,Agree,Agree
04/27/2021,VA,657154,510867,146287,1120,325,10735,9019,1716,11,2,04/28/2021 03:20:12 PM,Agree,Agree
04/28/2021,VA,658341,511783,146558,1187,271,10751,9036,1715,16,-1,04/29/2021 01:47:03 PM,Agree,Agree
04/29/2021,VA,659590,512507,147083,1249,525,10770,9056,1714,19,-1,04/30/2021 01:40:40 PM,Agree,Agree
04/30/2021,VA,660553,513463,147090,963,7,10777,9060,1717,7,3,05/01/2021 01:43:22 PM,Agree,Agree
05/01/2021,VA,661314,513922,147392,761,302,10791,9073,1718,14,1,05/02/2021 02:13:07 PM,Agree,Agree
05/02/2021,VA,661925,514450,147475,611,83,10807,9091,1716,16,-2,05/03/2021 01:58:14 PM,Agree,Agree
05/03/2021,VA,662696,515249,147447,771,-28,10823,9110,1713,16,-3,05/04/2021 02:00:10 PM,Agree,Agree
05/04/2021,VA,663538,515827,147711,842,264,10844,9124,1720,21,7,05/05/2021 02:14:20 PM,Agree,Agree
05/05/2021,VA,664394,516561,147833,856,122,10861,9145,1716,17,-4,05/06/2021 02:14:04 PM,Agree,Agree
05/06/2021,VA,665332,517412,147920,938,87,10874,9157,1717,13,1,05/07/2021 01:36:40 PM,Agree,Agree
05/07/2021,VA,666111,518126,147985,779,65,10885,9168,1717,11,0,05/08/2021 01:45:22 PM,Agree,Agree
05/08/2021,VA,666650,518713,147937,539,-48,10895,9178,1717,10,0,05/09/2021 01:43:24 PM,Agree,Agree
05/09/2021,VA,666986,519310,147676,336,-261,10902,9192,1710,7,-7,05/10/2021 02:15:36 PM,Agree,Agree
05/10/2021,VA,667586,520009,147577,600,-99,10919,9209,1710,17,0,05/11/2021 01:53:24 PM,Agree,Agree
05/11/2021,VA,668147,520333,147814,561,237,10934,9224,1710,15,0,05/12/2021 02:33:56 PM,Agree,Agree
05/12/2021,VA,668726,520759,147967,579,153,10961,9249,1712,27,2,05/13/2021 02:28:07 PM,Agree,Agree
05/13/2021,VA,669219,521007,148212,493,245,10991,9278,1713,30,1,05/14/2021 02:07:22 PM,Agree,Agree
05/14/2021,VA,669904,521485,148419,685,207,11008,9288,1720,17,7,05/15/2021 01:54:58 PM,Agree,Agree
05/15/2021,VA,670184,521700,148484,280,65,11018,9297,1721,10,1,05/16/2021 01:46:12 PM,Agree,Agree
05/16/2021,VA,670456,521930,148526,272,42,11029,9307,1722,11,1,05/17/2021 02:13:39 PM,Agree,Agree
05/17/2021,VA,670834,522362,148472,378,-54,11042,9319,1723,13,1,05/18/2021 02:26:44 PM,Agree,Agree
05/18/2021,VA,671325,522588,148737,491,265,11048,9323,1725,6,2,05/19/2021 02:37:49 PM,Agree,Agree
05/19/2021,VA,671921,522960,148961,596,224,11068,9344,1724,20,-1,05/20/2021 03:08:06 PM,Agree,Agree
05/20/2021,VA,672312,523233,149079,391,118,11074,9349,1725,6,1,05/21/2021 02:08:46 PM,Agree,Agree
05/21/2021,VA,672793,523548,149245,481,166,11097,9365,1732,23,7,05/22/2021 06:59:37 PM,Agree,Agree
05/22/2021,VA,673029,523719,149310,236,65,11106,9373,1733,9,1,05/23/2021 01:37:59 PM,Agree,Agree
05/23/2021,VA,673105,523822,149283,76,-27,11116,9383,1733,10,0,05/24/2021 01:46:58 PM,Agree,Agree
05/24/2021,VA,673759,524321,149438,654,155,11137,9401,1736,21,3,05/25/2021 02:17:06 PM,Agree,Agree
05/25/2021,VA,674082,524545,149537,323,99,11143,9405,1738,6,2,05/26/2021 01:48:32 PM,Agree,Agree
05/26/2021,VA,674439,524769,149670,357,133,11152,9415,1737,9,-1,05/27/2021 01:41:41 PM,Agree,Agree
05/27/2021,VA,674843,525062,149781,404,111,11156,9416,1740,4,3,05/28/2021 01:29:21 PM,Agree,Agree
05/28/2021,VA,675165,525259,149906,322,125,11160,9418,1742,4,2,05/29/2021 01:33:02 PM,Agree,Agree
05/29/2021,VA,675392,525447,149945,227,39,11173,9429,1744,13,2,05/30/2021 01:32:12 PM,Agree,Agree
05/30/2021,VA,675538,525569,149969,146,24,11186,9439,1747,13,3,05/31/2021 01:43:43 PM,Agree,Agree
05/31/2021,VA,675597,525727,149870,59,-99,11194,9449,1745,8,-2,06/01/2021 03:18:33 PM,Agree,Agree
06/01/2021,VA,675783,525896,149887,186,17,11206,9457,1749,12,4,06/02/2021 02:35:40 PM,Agree,Agree
06/02/2021,VA,676041,526049,149992,258,105,11216,9464,1752,10,3,06/03/2021 03:22:54 PM,Agree,Agree
06/03/2021,VA,676300,526227,150073,259,81,11222,9470,1752,6,0,06/04/2021 02:56:57 PM,Agree,Agree
06/04/2021,VA,676586,526442,150144,286,71,11229,9474,1755,7,3,06/05/2021 01:49:07 PM,Agree,Agree
06/05/2021,VA,676741,526590,150151,155,7,11236,9481,1755,7,0,06/06/2021 01:36:52 PM,Agree,Agree
06/06/2021,VA,676831,526688,150143,90,-8,11245,9489,1756,9,1,06/07/2021 02:36:26 PM,Agree,Agree
06/07/2021,VA,677013,526805,150208,182,65,11253,9492,1761,8,5,06/08/2021 03:05:30 PM,Agree,Agree
06/08/2021,VA,677210,526992,150218,197,10,11260,9499,1761,7,0,06/09/2021 02:26:44 PM,Agree,Agree
06/09/2021,VA,677425,527193,150232,215,14,11270,9508,1762,10,1,06/10/2021 02:48:23 PM,Agree,Agree
06/10/2021,VA,677530,527284,150246,105,14,11283,9521,1762,13,0,06/11/2021 02:20:54 PM,Agree,Agree
06/11/2021,VA,677672,527413,150259,142,13,11294,9529,1765,11,3,06/12/2021 02:13:34 PM,Agree,Agree
06/12/2021,VA,677745,527483,150262,73,3,11308,9543,1765,14,0,06/13/2021 01:40:53 PM,Agree,Agree
06/13/2021,VA,677813,527560,150253,68,-9,11319,9554,1765,11,0,06/14/2021 03:07:59 PM,Agree,Agree
06/14/2021,VA,677949,527761,150188,136,-65,11328,9563,1765,9,0,06/15/2021 02:44:13 PM,Agree,Agree
06/15/2021,VA,678226,527938,150288,277,100,11330,9565,1765,2,0,06/16/2021 03:10:20 PM,Agree,Agree
06/16/2021,VA,678393,528086,150307,167,19,11337,9572,1765,7,0,06/17/2021 02:38:09 PM,Agree,Agree
06/17/2021,VA,678506,528171,150335,113,28,11342,9575,1767,5,2,06/17/2021 12:00:00 AM,Agree,Agree
06/18/2021,VA,678553,528216,150337,47,2,11345,9578,1767,3,0,06/18/2021 12:00:00 AM,Agree,Agree
06/19/2021,VA,678600,528261,150339,47,2,11348,9581,1767,3,0,06/19/2021 12:00:00 AM,Agree,Agree
06/20/2021,VA,678649,528307,150342,49,3,11351,9582,1769,3,2,06/20/2021 12:00:00 AM,Agree,Agree
06/21/2021,VA,678909,528533,150376,260,34,11367,9597,1770,16,1,06/21/2021 12:00:00 AM,Agree,Agree
06/22/2021,VA,679137,528684,150453,228,77,11368,9601,1767,1,-3,06/23/2021 03:24:06 PM,Agree,Agree
06/23/2021,VA,679331,528806,150525,194,72,11379,9609,1770,11,3,06/24/2021 03:16:23 PM,Agree,Agree
06/24/2021,VA,679472,528890,150582,141,57,11389,9615,1774,10,4,06/25/2021 03:01:46 PM,Agree,Agree
06/25/2021,VA,679680,529031,150649,208,67,11392,9616,1776,3,2,06/26/2021 02:17:39 PM,Agree,Agree
06/26/2021,VA,679754,529087,150667,74,18,11393,9617,1776,1,0,06/28/2021 01:23:06 PM,Agree,Agree
06/27/2021,VA,679828,529143,150685,74,18,11396,9619,1777,3,1,06/28/2021 03:02:46 PM,Agree,Agree
06/28/2021,VA,680065,529371,150694,237,9,11412,9632,1780,16,3,06/29/2021 02:25:53 PM,Agree,Agree
06/29/2021,VA,680340,529535,150805,275,111,11415,9635,1780,3,0,06/30/2021 02:11:39 PM,Agree,Agree
06/30/2021,VA,680564,529672,150892,224,87,11419,9638,1781,4,1,07/01/2021 02:29:33 PM,Agree,Agree
07/01/2021,VA,680744,529770,150974,180,82,11423,9642,1781,4,0,07/02/2021 01:55:07 PM,Agree,Agree
07/02/2021,VA,680905,529852,151053,161,79,11423,9644,1779,0,-2,07/03/2021 01:44:06 PM,Agree,Agree
07/03/2021,VA,680988,529883,151105,83,52,11424,9645,1779,1,0,07/05/2021 01:25:13 PM,Agree,Agree
07/04/2021,VA,681072,529914,151158,84,53,11427,9647,1780,3,1,07/05/2021 02:30:02 PM,Agree,Agree
07/05/2021,VA,681326,530151,151175,254,17,11434,9653,1781,7,1,07/06/2021 01:52:24 PM,Agree,Agree
07/06/2021,VA,681599,530298,151301,273,126,11436,9655,1781,2,0,07/07/2021 02:48:49 PM,Agree,Agree
07/07/2021,VA,681890,530449,151441,291,140,11441,9660,1781,5,0,07/08/2021 02:26:57 PM,Agree,Agree
07/08/2021,VA,682147,530577,151570,257,129,11448,9664,1784,7,3,07/09/2021 01:56:56 PM,Agree,Agree
07/09/2021,VA,682433,530751,151682,286,112,11450,9665,1785,2,1,07/10/2021 02:17:36 PM,Agree,Agree
07/10/2021,VA,682552,530818,151734,119,52,11450,9665,1785,0,0,07/12/2021 01:16:46 PM,Agree,Agree
07/11/2021,VA,682673,530886,151787,121,53,11450,9665,1785,0,0,07/12/2021 02:22:55 PM,Agree,Agree
07/12/2021,VA,683202,531311,151891,529,104,11459,9674,1785,9,0,07/13/2021 02:26:25 PM,Agree,Agree
07/13/2021,VA,683614,531519,152095,412,204,11467,9680,1787,8,2,07/14/2021 02:14:34 PM,Agree,Agree
07/14/2021,VA,684054,531765,152289,440,194,11471,9681,1790,4,3,07/15/2021 02:29:47 PM,Agree,Agree
07/15/2021,VA,684499,532034,152465,445,176,11477,9687,1790,6,0,07/16/2021 02:03:13 PM,Agree,Agree
07/16/2021,VA,684956,532304,152652,457,187,11482,9692,1790,5,0,07/17/2021 01:43:02 PM,Agree,Agree
07/17/2021,VA,685372,532589,152783,416,131,11483,9693,1790,1,0,07/19/2021 01:20:07 PM,Agree,Agree
07/18/2021,VA,685788,532874,152914,416,131,11484,9694,1790,1,0,07/19/2021 02:21:19 PM,Agree,Agree
07/19/2021,VA,686206,533160,153046,418,132,11487,9695,1792,3,2,07/20/2021 02:48:47 PM,Agree,Agree
07/20/2021,VA,686884,533582,153302,678,256,11491,9698,1793,4,1,07/21/2021 02:18:34 PM,Agree,Agree
07/21/2021,VA,687550,533967,153583,666,281,11493,9700,1793,2,0,07/22/2021 03:06:50 PM,Agree,Agree
07/22/2021,VA,688300,534376,153924,750,341,11500,9707,1793,7,0,07/23/2021 01:48:31 PM,Agree,Agree
07/23/2021,VA,689080,534795,154285,780,361,11507,9713,1794,7,1,07/24/2021 02:21:11 PM,Agree,Agree
07/24/2021,VA,689725,535193,154532,645,247,11507,9713,1794,0,0,07/26/2021 01:16:36 PM,Agree,Agree
07/25/2021,VA,690370,535591,154779,645,247,11507,9713,1794,0,0,07/26/2021 01:52:25 PM,Agree,Agree
07/26/2021,VA,691018,535991,155027,648,248,11515,9721,1794,8,0,07/27/2021 02:48:23 PM,Agree,Agree
07/27/2021,VA,692105,536663,155442,1087,415,11522,9727,1795,7,1,07/28/2021 01:51:39 PM,Agree,Agree
07/28/2021,VA,693206,537297,155909,1101,467,11525,9730,1795,3,0,07/29/2021 01:49:46 PM,Agree,Agree
07/29/2021,VA,694384,537983,156401,1178,492,11532,9735,1797,7,2,07/30/2021 02:36:41 PM,Agree,Agree
07/30/2021,VA,695630,538767,156863,1246,462,11533,9737,1796,1,-1,07/31/2021 01:56:41 PM,Agree,Agree
07/31/2021,VA,696866,539524,157342,1236,479,11534,9738,1796,1,0,08/02/2021 12:48:14 PM,Agree,Agree
08/01/2021,VA,698102,540281,157821,1236,479,11535,9739,1796,1,0,08/02/2021 02:03:57 PM,Agree,Agree
08/02/2021,VA,699342,541040,158302,1240,481,11536,9740,1796,1,0,08/03/2021 02:29:23 PM,Agree,Agree
08/03/2021,VA,701059,542190,158869,1717,567,11541,9745,1796,5,0,08/04/2021 03:17:10 PM,Agree,Agree
08/04/2021,VA,702820,543295,159525,1761,656,11547,9751,1796,6,0,08/05/2021 02:32:13 PM,Agree,Agree
08/05/2021,VA,704664,544353,160311,1844,786,11558,9760,1798,11,2,08/06/2021 02:53:58 PM,Agree,Agree
08/06/2021,VA,706448,545416,161032,1784,721,11569,9768,1801,11,3,08/07/2021 02:00:45 PM,Agree,Agree
08/07/2021,VA,707990,546377,161613,1542,581,11571,9771,1800,2,-1,08/09/2021 12:38:43 PM,Agree,Agree
08/08/2021,VA,709532,547338,162194,1542,581,11573,9774,1799,2,-1,08/09/2021 02:44:15 PM,Agree,Agree
08/09/2021,VA,711078,548301,162777,1546,583,11578,9778,1800,5,1,08/10/2021 03:30:38 PM,Agree,Agree
08/10/2021,VA,713195,549561,163634,2117,857,11581,9780,1801,3,1,08/11/2021 03:30:51 PM,Agree,Agree
08/11/2021,VA,715556,551047,164509,2361,875,11583,9782,1801,2,0,08/12/2021 03:05:21 PM,Agree,Agree
08/12/2021,VA,717826,552624,165202,2270,693,11599,9798,1801,16,0,08/13/2021 01:45:25 PM,Agree,Agree
08/13/2021,VA,720128,554094,166034,2302,832,11615,9812,1803,16,2,08/14/2021 02:46:52 PM,Agree,Agree
08/14/2021,VA,722075,555325,166750,1947,716,11618,9814,1804,3,1,08/16/2021 12:55:48 PM,Agree,Agree
08/15/2021,VA,724022,556556,167466,1947,716,11621,9816,1805,3,1,08/16/2021 03:23:49 PM,Agree,Agree
08/16/2021,VA,725971,557789,168182,1949,716,11625,9819,1806,4,1,08/17/2021 02:24:04 PM,Agree,Agree
08/17/2021,VA,728523,559201,169322,2552,1140,11632,9826,1806,7,0,08/18/2021 02:45:06 PM,Agree,Agree
08/18/2021,VA,731287,561181,170106,2764,784,11638,9830,1808,6,2,08/19/2021 03:10:12 PM,Agree,Agree
08/19/2021,VA,734079,562816,171263,2792,1157,11647,9836,1811,9,3,08/20/2021 01:21:34 PM,Agree,Agree
08/20/2021,VA,736772,564478,172294,2693,1031,11674,9859,1815,27,4,08/21/2021 01:25:01 PM,Agree,Agree
08/21/2021,VA,739243,566141,173102,2471,808,11680,9865,1815,6,0,08/23/2021 12:48:27 PM,Agree,Agree
08/22/2021,VA,741714,567804,173910,2471,808,11686,9871,1815,6,0,08/23/2021 02:39:48 PM,Agree,Agree
08/23/2021,VA,744187,569469,174718,2473,808,11693,9877,1816,7,1,08/24/2021 02:24:26 PM,Agree,Agree
08/24/2021,VA,747641,571687,175954,3454,1236,11715,9895,1820,22,4,08/25/2021 01:58:33 PM,Agree,Agree
08/25/2021,VA,751133,573870,177263,3492,1309,11730,9906,1824,15,4,08/26/2021 02:58:37 PM,Agree,Agree
08/26/2021,VA,754653,576221,178432,3520,1169,11770,9940,1830,40,6,08/27/2021 02:08:03 PM,Agree,Agree
08/27/2021,VA,758188,578564,179624,3535,1192,11810,9974,1836,40,6,08/28/2021 01:53:26 PM,Agree,Agree
08/28/2021,VA,760936,580340,180596,2748,972,11820,9982,1838,10,2,08/30/2021 12:49:04 PM,Agree,Agree
08/29/2021,VA,763684,582116,181568,2748,972,11830,9990,1840,10,2,08/30/2021 02:26:22 PM,Agree,Agree
08/30/2021,VA,766435,583893,182542,2751,974,11842,10000,1842,12,2,08/31/2021 02:57:22 PM,Agree,Agree
08/31/2021,VA,769842,586218,183624,3407,1082,11861,10018,1843,19,1,09/01/2021 02:27:14 PM,Agree,Agree
09/01/2021,VA,774098,588681,185417,4256,1793,11880,10035,1845,19,2,09/02/2021 01:49:05 PM,Agree,Agree
09/02/2021,VA,778167,591108,187059,4069,1642,11899,10054,1845,19,0,09/03/2021 01:38:30 PM,Agree,Agree
09/03/2021,VA,781745,593237,188508,3578,1449,11912,10067,1845,13,0,09/04/2021 01:18:29 PM,Agree,Agree
09/04/2021,VA,784135,594646,189489,2390,981,11923,10077,1846,11,1,09/06/2021 01:20:57 PM,Agree,Agree
09/05/2021,VA,786525,596055,190470,2390,981,11934,10087,1847,11,1,09/06/2021 02:27:21 PM,Agree,Agree
09/06/2021,VA,788917,597464,191453,2392,983,11947,10098,1849,13,2,09/07/2021 03:14:40 PM,Agree,Agree
09/07/2021,VA,793396,600446,192950,4479,1497,11977,10120,1857,30,8,09/08/2021 03:20:52 PM,Agree,Agree
09/08/2021,VA,797348,603017,194331,3952,1381,12010,10149,1861,33,4,09/09/2021 02:36:12 PM,Agree,Agree
09/09/2021,VA,801827,606084,195743,4479,1412,12036,10170,1866,26,5,09/10/2021 02:35:13 PM,Agree,Agree
09/10/2021,VA,805853,608491,197362,4026,1619,12064,10194,1870,28,4,09/11/2021 01:20:03 PM,Agree,Agree
09/11/2021,VA,808814,610411,198403,2961,1041,12082,10206,1876,18,6,09/13/2021 12:52:39 PM,Agree,Agree
09/12/2021,VA,811775,612331,199444,2961,1041,12100,10218,1882,18,6,09/13/2021 02:26:59 PM,Agree,Agree
09/13/2021,VA,814738,614253,200485,2963,1041,12118,10230,1888,18,6,09/14/2021 02:22:50 PM,Agree,Agree
09/14/2021,VA,818804,616680,202124,4066,1639,12170,10278,1892,52,4,09/15/2021 02:35:57 PM,Agree,Agree
09/15/2021,VA,822985,619377,203608,4181,1484,12207,10310,1897,37,5,09/16/2021 02:24:46 PM,Agree,Agree
09/16/2021,VA,827197,622017,205180,4212,1572,12242,10342,1900,35,3,09/17/2021 01:28:36 PM,Agree,Agree
09/17/2021,VA,830847,624190,206657,3650,1477,12274,10368,1906,32,6,09/18/2021 01:43:14 PM,Agree,Agree
09/18/2021,VA,833723,626129,207594,2876,937,12303,10389,1914,29,8,09/20/2021 12:14:02 PM,Agree,Agree
09/19/2021,VA,836599,628068,208531,2876,937,12332,10410,1922,29,8,09/20/2021 01:47:59 PM,Agree,Agree
09/20/2021,VA,839475,630007,209468,2876,937,12364,10432,1932,32,10,09/21/2021 02:33:33 PM,Agree,Agree
09/21/2021,VA,843212,632502,210710,3737,1242,12409,10470,1939,45,7,09/22/2021 02:04:47 PM,Agree,Agree
09/22/2021,VA,846979,635157,211822,3767,1112,12463,10523,1940,54,1,09/23/2021 02:07:24 PM,Agree,Agree
09/23/2021,VA,849865,636958,212907,2886,1085,12511,10564,1947,48,7,09/24/2021 01:56:18 PM,Agree,Agree
09/24/2021,VA,853287,639340,213947,3422,1040,12557,10607,1950,46,3,09/25/2021 01:25:43 PM,Agree,Agree
09/25/2021,VA,855689,641060,214629,2402,682,12586,10629,1957,29,7,09/27/2021 01:21:43 PM,Agree,Agree
09/26/2021,VA,858091,642780,215311,2402,682,12615,10651,1964,29,7,09/27/2021 02:29:10 PM,Agree,Agree
09/27/2021,VA,860494,644500,215994,2403,683,12648,10675,1973,33,9,09/28/2021 02:30:08 PM,Agree,Agree
09/28/2021,VA,863645,646564,217081,3151,1087,12697,10718,1979,49,6,09/29/2021 03:04:06 PM,Agree,Agree
09/29/2021,VA,866776,648996,217780,3131,699,12750,10768,1982,53,3,09/30/2021 02:57:48 PM,Agree,Agree
09/30/2021,VA,869328,650549,218779,2552,999,12806,10816,1990,56,8,10/01/2021 01:23:39 PM,Agree,Agree
10/01/2021,VA,872833,652865,219968,3505,1189,12849,10857,1992,43,2,10/02/2021 01:37:53 PM,Agree,Agree
10/02/2021,VA,874727,654141,220586,1894,618,12883,10877,2006,34,14,10/04/2021 12:47:32 PM,Agree,Agree
10/03/2021,VA,876621,655417,221204,1894,618,12917,10897,2020,34,14,10/04/2021 01:57:57 PM,Agree,Agree
10/04/2021,VA,878518,656694,221824,1897,620,12955,10919,2036,38,16,10/05/2021 01:39:21 PM,Agree,Agree
10/05/2021,VA,882437,659002,223435,3919,1611,12999,10958,2041,44,5,10/06/2021 02:06:06 PM,Agree,Agree
10/06/2021,VA,885323,661094,224229,2886,794,13031,10986,2045,32,4,10/07/2021 02:06:32 PM,Agree,Agree
10/07/2021,VA,888159,662979,225180,2836,951,13075,11025,2050,44,5,10/08/2021 01:43:16 PM,Agree,Agree
10/08/2021,VA,890691,664641,226050,2532,870,13123,11069,2054,48,4,10/09/2021 01:32:02 PM,Agree,Agree
10/09/2021,VA,892333,665730,226603,1642,553,13155,11087,2068,32,14,10/11/2021 01:19:41 PM,Agree,Agree
10/10/2021,VA,893975,666819,227156,1642,553,13187,11105,2082,32,14,10/11/2021 02:09:22 PM,Agree,Agree
10/11/2021,VA,895619,667908,227711,1644,555,13219,11123,2096,32,14,10/12/2021 02:00:10 PM,Agree,Agree
10/12/2021,VA,897979,669525,228454,2360,743,13286,11180,2106,67,10,10/13/2021 02:39:10 PM,Agree,Agree
10/13/2021,VA,900581,671370,229211,2602,757,13345,11234,2111,59,5,10/14/2021 02:14:59 PM,Agree,Agree
10/14/2021,VA,902938,672844,230094,2357,883,13391,11276,2115,46,4,10/15/2021 01:51:07 PM,Agree,Agree
10/15/2021,VA,904297,673811,230486,1359,392,13432,11313,2119,41,4,10/16/2021 01:26:43 PM,Agree,Agree
10/16/2021,VA,906030,674849,231181,1733,695,13467,11337,2130,35,11,10/18/2021 12:41:38 PM,Agree,Agree
10/17/2021,VA,907763,675887,231876,1733,695,13502,11361,2141,35,11,10/18/2021 01:49:53 PM,Agree,Agree
10/18/2021,VA,909499,676927,232572,1736,696,13538,11385,2153,36,12,10/19/2021 03:01:15 PM,Agree,Agree
10/19/2021,VA,911321,678066,233255,1822,683,13585,11429,2156,47,3,10/20/2021 02:03:53 PM,Agree,Agree
10/20/2021,VA,913100,679262,233838,1779,583,13624,11461,2163,39,7,10/21/2021 01:44:20 PM,Agree,Agree
10/21/2021,VA,914755,680688,234067,1655,229,13668,11500,2168,44,5,10/22/2021 02:05:10 PM,Agree,Agree
10/22/2021,VA,916504,681726,234778,1749,711,13708,11532,2176,40,8,10/23/2021 01:42:15 PM,Agree,Agree
10/23/2021,VA,916504,681726,234778,0,0,13708,11532,2176,0,0,10/25/2021 03:25:56 PM,Agree,Agree
10/24/2021,VA,916504,681726,234778,0,0,13708,11532,2176,0,0,10/25/2021 05:00:46 PM,Agree,Agree
10/25/2021,VA,919999,683967,236032,3495,1254,13793,11581,2212,85,36,10/26/2021 01:58:33 PM,Agree,Agree
10/26/2021,VA,921630,685227,236403,1631,371,13827,11618,2209,34,-3,10/27/2021 02:21:35 PM,Agree,Agree
10/27/2021,VA,923125,686149,236976,1495,573,13870,11656,2214,43,5,10/28/2021 02:08:30 PM,Agree,Agree
10/28/2021,VA,924771,687151,237620,1646,644,13907,11687,2220,37,6,10/29/2021 02:10:26 PM,Agree,Agree
10/29/2021,VA,926179,688018,238161,1408,541,13948,11720,2228,41,8,10/30/2021 01:29:20 PM,Agree,Agree
10/30/2021,VA,926179,688018,238161,0,0,13948,11720,2228,0,0,11/01/2021 12:51:18 PM,Agree,Agree
10/31/2021,VA,926179,688018,238161,0,0,13948,11720,2228,0,0,11/01/2021 03:03:10 PM,Agree,Agree
11/01/2021,VA,929244,690185,239059,3065,898,14020,11769,2251,72,23,11/02/2021 01:48:33 PM,Agree,Agree
11/02/2021,VA,930679,690978,239701,1435,642,14052,11800,2252,32,1,11/03/2021 01:51:46 PM,Agree,Agree
11/03/2021,VA,932173,691953,240220,1494,519,14089,11831,2258,37,6,11/04/2021 03:01:34 PM,Agree,Agree
11/04/2021,VA,933542,692745,240797,1369,577,14125,11864,2261,36,3,11/05/2021 02:19:47 PM,Agree,Agree
11/05/2021,VA,934928,693584,241344,1386,547,14155,11896,2259,30,-2,11/06/2021 01:17:26 PM,Agree,Agree
11/06/2021,VA,934928,693584,241344,0,0,14155,11896,2259,0,0,11/08/2021 01:55:23 PM,Agree,Agree
11/07/2021,VA,934928,693584,241344,0,0,14155,11896,2259,0,0,11/08/2021 03:35:12 PM,Agree,Agree
11/08/2021,VA,938376,695834,242542,3448,1198,14225,11947,2278,70,19,11/09/2021 03:49:35 PM,Agree,Agree
11/09/2021,VA,939783,696791,242992,1407,450,14261,11979,2282,36,4,11/10/2021 03:25:35 PM,Agree,Agree
11/10/2021,VA,941371,697798,243573,1588,581,14294,12009,2285,33,3,11/11/2021 02:27:06 PM,Agree,Agree
11/11/2021,VA,942837,698737,244100,1466,527,14321,12033,2288,27,3,11/12/2021 05:03:41 PM,Agree,Agree
11/12/2021,VA,944138,699502,244636,1301,536,14355,12063,2292,34,4,11/13/2021 02:31:27 PM,Agree,Agree
11/13/2021,VA,944138,699502,244636,0,0,14355,12063,2292,0,0,11/15/2021 01:35:54 PM,Agree,Agree
11/14/2021,VA,944138,699502,244636,0,0,14355,12063,2292,0,0,11/15/2021 03:24:41 PM,Agree,Agree
