date,Province_State,Country_Region,Last_Update,Lat,Long_,Confirmed,Deaths,Recovered,Active,FIPS,Incident_Rate,People_Tested,People_Hospitalized,Mortality_Rate,UID,ISO3,Testing_Rate,Hospitalization_Rate
2020/4/12,Virginia,US,2020/4/12 23:18,37.7693,-78.17,5274,141,,5133,51,66.69845192,39985,751,2.673492605,84000051,USA,505.6764505,14.23966629
2020/4/13,Virginia,US,2020/4/13 23:07,37.7693,-78.17,5747,149,,5598,51,72.68031915,41401,1238,2.592657038,84000051,USA,523.5841123,21.54167392
2020/4/14,Virginia,US,2020/4/14 23:33,37.7693,-78.17,6182,154,721,6028,51,78.18161354,42763,1282,2.491103203,84000051,USA,540.8088547,20.73762536
2020/4/15,Virginia,US,2020/4/15 22:56,37.7693,-78.17,6500,195,752,6305,51,82.20324943,44169,1298,3,84000051,USA,558.5900499,19.96923077
2020/4/16,Virginia,US,2020/4/16 23:30,37.7693,-78.17,6889,208,951,6681,51,87.12279774,46444,1337,3.01930614,84000051,USA,587.3611872,19.40775149
2020/4/17,Virginia,US,2020/4/17 23:30,37.7693,-78.17,7491,231,1110,7260,51,94.73608331,48997,1308,3.083700441,84000051,USA,619.6480942,17.46095314
2020/4/18,Virginia,US,2020/4/18 22:32,37.7693,-78.17,8053,258,1228,7795,51,101.8435027,51931,1307,3.203774991,84000051,USA,656.7533763,16.22997641
2020/4/19,Virginia,US,2020/4/19 23:41,37.7693,-78.17,8542,277,1267,8265,51,108.0277164,54733,1422,3.242800281,84000051,USA,692.1893002,16.64715523
2020/4/20,Virginia,US,2020/4/20 23:36,37.7693,-78.17,8990,300,1324,8690,51,113.6934173,56735,1500,3.337041157,84000051,USA,717.507901,16.68520578
2020/4/21,Virginia,US,2020/4/21 23:40,37.7693,-78.17,9630,324,1418,9306,51,121.7872757,58354,1581,3.364485981,84000051,USA,737.9828334,16.41744548
2020/4/22,Virginia,US,2020/4/22 23:40,37.7693,-78.17,10266,349,1497,9917,51,129.8305475,58354,1581,3.399571401,84000051,USA,737.9828334,15.40035067
2020/4/23,Virginia,US,2020/4/24 3:33,37.7693,-78.17,10998,373,1567,10625,51,139.087898,64518,1753,3.391525732,84000051,USA,815.9368072,15.93926168
2020/4/24,Virginia,US,2020/4/25 6:32,37.7693,-78.17,11594,411,1672,11183,51,146.6253037,69440,1837,3.544937036,84000051,USA,878.183637,15.84440228
2020/4/25,Virginia,US,2020/4/26 2:32,37.7693,-78.17,12366,437,1717,11929,51,156.3885204,72178,1942,3.533883228,84000051,USA,912.810175,15.70435064
2020/4/26,Virginia,US,2020/4/27 2:32,37.7693,-78.17,12970,449,1815,12521,51,164.0270992,76118,2014,3.461835004,84000051,USA,962.6379908,15.52814187
2020/4/27,Virginia,US,2020/4/28 2:32,37.7693,-78.17,13538,460,1843,13078,51,171.2103986,80679,3298,3.397843108,84000051,USA,1020.319379,24.36105776
2020/4/28,Virginia,US,2020/4/29 2:32,37.7693,-78.17,14339,492,1914,13847,51,181.3403682,82753,3422,3.431201618,84000051,USA,1046.548538,23.86498361
2020/4/29,Virginia,US,2020/4/30 2:32,37.7693,-78.17,14962,522,2042,14440,51,189.2192335,85940,3608,3.488838391,84000051,USA,1086.853424,24.11442321
2020/4/30,Virginia,US,2020/5/1 2:32,37.7693,-78.17,15847,552,2104,13191,51,200.4115221,91509,3654,3.483309144,84000051,USA,1157.282639,23.05799205
2020/5/1,Virginia,US,2020/5/2 2:32,37.7693,-78.17,16902,581,2196,14125,51,213.7537418,105648,3654,3.437463022,84000051,USA,1336.093676,21.61874334
2020/5/2,Virginia,US,2020/5/3 2:32,37.7693,-78.17,17738,617,2312,14809,51,224.3263444,113202,3738,3.478407938,84000051,USA,1431.626499,21.07340174
2020/5/3,Virginia,US,2020/5/4 2:32,37.7693,-78.17,18672,660,2497,15515,51,236.138319,108002,3910,3.53470437,84000051,USA,1365.863899,20.94044559
2020/5/4,Virginia,US,2020/5/5 2:32,37.7693,-78.17,19493,684,2547,16262,51,246.5212217,112293,4010,3.508951931,84000051,USA,1420.130691,20.5714872
2020/5/5,Virginia,US,2020/5/6 2:32,37.7693,-78.17,20257,713,2617,16927,51,256.1832652,113708,4113,3.519770943,84000051,USA,1438.025706,20.30409241
2020/5/6,Virginia,US,2020/5/7 2:32,37.7693,-78.17,20257,713,2617,16927,51,256.1832652,113708,4113,3.519770943,84000051,USA,1438.025706,20.30409241
2020/5/7,Virginia,US,2020/5/8 2:32,37.7693,-78.17,21570,769,2825,17976,51,272.7883216,123152,4438,3.565136764,84000051,USA,1557.460704,20.57487251
2020/5/8,Virginia,US,2020/5/9 2:32,37.7693,-78.17,22342,812,2997,18533,51,282.5515383,129945,4622,3.634410527,84000051,USA,1643.369423,20.68749441
2020/5/9,Virginia,US,2020/5/10 2:32,37.7693,-78.17,23196,827,3124,19245,51,293.3517806,137149,4717,3.565269874,84000051,USA,1734.475916,20.33540266
2020/5/10,Virginia,US,2020/5/11 2:32,37.7693,-78.17,24081,839,3201,20041,51,304.5440692,143055,4756,3.484074582,84000051,USA,1809.167053,19.75001038
2020/5/11,Virginia,US,2020/5/12 3:32,37.7693,-78.17,25070,850,3273,20947,51,317.0516097,150617,4777,3.390506582,84000051,USA,1904.801049,19.05464699
2020/5/12,Virginia,US,2020/5/13 3:32,37.7693,-78.17,25800,892,3400,21508,51,326.283667,155329,4929,3.457364341,84000051,USA,1964.392082,19.10465116
2020/5/13,Virginia,US,2020/5/14 3:32,37.7693,-78.17,26746,928,3554,22264,51,338.2474014,161392,5080,3.469677709,84000051,USA,2041.068743,18.99349435
2020/5/14,Virginia,US,2020/5/15 2:33,37.7693,-78.17,27813,956,3678,23179,51,325.8501328,166830,5211,3.437241578,84000051,USA,1954.538441,18.73584295
2020/5/15,Virginia,US,2020/5/16 2:32,37.7693,-78.17,28672,978,3805,23889,51,335.9139614,178014,5316,3.410993304,84000051,USA,2085.56738,18.54073661
2020/5/16,Virginia,US,2020/5/17 2:32,37.7693,-78.17,29683,1003,3909,24771,51,347.7585839,185568,5414,3.379038507,84000051,USA,2174.06815,18.23939629
2020/5/17,Virginia,US,2020/5/18 2:32,37.7693,-78.17,30388,1010,3993,25385,51,356.0181871,190361,5517,3.3236804,84000051,USA,2230.221736,18.15519284
2020/5/18,Virginia,US,2020/5/19 2:32,37.7693,-78.17,31140,1015,4107,26018,51,364.8284305,196226,5609,3.259473346,84000051,USA,2298.934605,18.01220295
2020/5/19,Virginia,US,2020/5/20 2:32,37.7693,-78.17,32145,1042,4271,26832,51,376.6027584,202789,5768,3.241561674,84000051,USA,2375.825067,17.94369264
2020/5/20,Virginia,US,2020/5/21 2:32,37.7693,-78.17,32908,1075,4523,27310,51,385.5418751,212626,6059,3.266682873,84000051,USA,2491.072892,18.41193631
2020/5/21,Virginia,US,2020/5/22 2:36,37.7693,-78.17,34137,1100,4778,28259,51,399.9405309,218599,6269,3.222310103,84000051,USA,2561.051062,18.36423822
2020/5/22,Virginia,US,2020/5/23 2:32,37.7693,-78.17,34950,1136,4963,28851,51,409.465435,225175,6422,3.250357654,84000051,USA,2638.093829,18.37482117
2020/5/23,Virginia,US,2020/5/24 2:32,37.7693,-78.17,35749,1159,5047,29543,51,418.8263186,232470,6431,3.242048729,84000051,USA,2723.560219,17.98931439
2020/5/24,Virginia,US,2020/5/25 2:32,37.7693,-78.17,36244,1171,5102,29971,51,424.6256144,244085,6453,3.230879594,84000051,USA,2859.638646,17.80432623
2020/5/25,Virginia,US,2020/5/26 2:32,37.7693,-78.17,37727,1208,5145,31374,51,442.0000705,258750,6521,3.201950857,84000051,USA,3031.450109,17.28470326
2020/5/26,Virginia,US,2020/5/27 2:32,37.7693,-78.17,39342,1236,5227,32879,51,460.9210055,267181,6630,3.141680647,84000051,USA,3130.22559,16.852219
2020/5/27,Virginia,US,2020/5/28 2:32,37.7693,-78.17,40249,1281,5367,33601,51,471.54719,277047,6826,3.182687769,84000051,USA,3245.813172,16.95942756
2020/5/28,Virginia,US,2020/5/29 2:32,37.7693,-78.17,41401,1338,5472,34591,51,485.0437331,287281,6974,3.231805995,84000051,USA,3365.712149,16.84500374
2020/5/29,Virginia,US,2020/5/30 2:32,37.7693,-78.17,42533,1358,5648,35527,51,498.3059612,298377,7172,3.192814991,84000051,USA,3495.710103,16.86220111
2020/5/30,Virginia,US,2020/5/31 2:32,37.7693,-78.17,43611,1370,5745,36496,51,510.9355389,305512,7216,3.141409277,84000051,USA,3579.301973,16.54628419
2020/5/31,Virginia,US,2020/6/1 2:32,37.7693,-78.17,44607,1375,5868,37364,51,522.6044251,315391,7326,3.082475845,84000051,USA,3695.04186,16.4234313
2020/6/1,Virginia,US,2020/6/2 2:33,37.7693,-78.17,45398,1392,5899,38107,51,531.8715827,324719,7326,3.066214371,84000051,USA,3804.326368,16.13727477
2020/6/2,Virginia,US,2020/6/3 2:33,37.7693,-78.17,46239,1407,6011,38821,51,541.7245278,328889,7373,3.042885876,84000051,USA,3853.181043,15.94541404
2020/6/3,Virginia,US,2020/6/4 2:33,37.7693,-78.17,46905,1428,6165,39312,51,549.5272168,342387,7476,3.044451551,84000051,USA,4011.320226,15.9385993
2020/6/4,Virginia,US,2020/6/5 2:33,37.7693,-78.17,47856,1445,6284,40127,51,560.6688943,353590,7550,3.019475092,84000051,USA,4142.571764,15.77649616
2020/6/5,Virginia,US,2020/6/6 2:33,37.7693,-78.17,48532,1454,6392,40686,51,568.5887408,363770,7597,2.995961428,84000051,USA,4261.838091,15.65358938
2020/6/6,Virginia,US,2020/6/7 3:53,37.7693,-78.17,49397,1461,6382,41554,51,578.7228638,371131,7553,2.957669494,84000051,USA,4348.077721,15.29040225
2020/6/7,Virginia,US,2020/6/8 3:33,37.7693,-78.17,50681,1472,6538,42671,51,578.7228638,379816,7724,2.957669494,84000051,USA,4449.829003,15.63657712
2020/6/8,Virginia,US,2020/6/9 3:33,37.7693,-78.17,51251,1477,6557,43217,51,600.4438629,383592,7730,2.881894987,84000051,USA,4494.067672,15.08263253
2020/6/9,Virginia,US,2020/6/10 4:07,37.7693,-78.17,51738,1496,6677,43565,51,606.1494327,390856,7846,2.891491747,84000051,USA,4579.170874,15.16486915
2020/6/10,Virginia,US,2020/6/11 3:33,37.7693,-78.17,52177,1514,6826,43837,51,611.2926466,398364,7981,2.901661652,84000051,USA,4667.132719,15.29601165
2020/6/11,Virginia,US,2020/6/12 5:10,37.7693,-78.17,52647,1520,6895,44232,51,616.7990488,407397,7964,2.887154064,84000051,USA,4772.961082,15.12716774
2020/6/12,Virginia,US,2020/6/13 3:33,37.7693,-78.17,53211,1534,7002,44675,51,623.4067313,450530,8028,2.882862566,84000051,USA,5278.296493,15.08710605
2020/6/13,Virginia,US,2020/6/14 3:33,37.7693,-78.17,53869,1541,7131,45197,51,631.1156943,459993,8090,2.860643413,84000051,USA,5389.162627,15.01791383
2020/6/14,Virginia,US,2020/6/15 3:33,37.7693,-78.17,54506,1546,7178,45782,51,638.5786266,469000,8136,2.836384985,84000051,USA,5494.686381,14.92679705
2020/6/15,Virginia,US,2020/6/16 4:33,37.7693,-78.17,54886,1552,7230,46104,51,643.0306113,478999,8132,2.82767919,84000051,USA,5611.832157,14.81616441
2020/6/16,Virginia,US,2020/6/17 4:33,37.7693,-78.17,55331,1570,7341,46420,51,648.2441197,485438,8245,2.83746905,84000051,USA,5687.269866,14.90123077
2020/6/17,Virginia,US,2020/6/18 4:33,37.7693,-78.17,55775,1583,7429,46763,51,653.4459123,494341,8367,2.838189153,84000051,USA,5791.575181,15.00134469
2020/6/18,Virginia,US,2020/6/19 4:33,37.7693,-78.17,56238,1586,7493,47159,51,658.8703042,502068,8350,2.820157189,84000051,USA,5882.102775,14.84761193
2020/6/19,Virginia,US,2020/6/20 4:33,37.7693,-78.17,56793,1602,7563,47628,51,665.372545,512411,8425,2.820770165,84000051,USA,6003.27877,14.83457468
2020/6/20,Virginia,US,2020/6/21 4:33,37.7693,-78.17,57443,1607,7607,48229,51,672.987782,531404,8487,2.797555838,84000051,USA,6225.795994,14.77464617
2020/6/21,Virginia,US,2020/6/22 4:33,37.7693,-78.17,57994,1611,7646,48737,51,679.4431598,545676,8509,2.777873573,84000051,USA,6393.003167,14.67220747
2020/6/22,Virginia,US,2020/6/23 4:33,37.7693,-78.17,58465,1620,7663,49182,51,684.9612777,558123,8511,2.770888566,84000051,USA,6538.829098,14.55742752
2020/6/23,Virginia,US,2020/6/24 4:33,37.7693,-78.17,58994,1645,7725,49624,51,691.158909,568377,8572,2.788419161,84000051,USA,6658.96239,14.53029122
2020/6/24,Virginia,US,2020/6/25 5:27,37.7693,-78.17,59514,1661,7765,50088,51,697.2510986,576571,8651,2.790939947,84000051,USA,6754.961239,14.53607555
2020/6/25,Virginia,US,2020/6/26 4:33,37.7693,-78.17,59946,1675,7818,50453,51,702.3123023,592966,8672,2.79418143,84000051,USA,6947.040947,14.46635305
2020/6/26,Virginia,US,2020/6/27 4:33,37.7693,-78.17,60570,1700,7868,51002,51,709.6229298,606463,8722,2.806669969,84000051,USA,7105.168414,14.39986792
2020/6/27,Virginia,US,2020/6/28 4:34,37.7693,-78.17,61247,1724,7968,51555,51,717.554492,617926,8787,2.814831747,84000051,USA,7239.466048,14.34682515
2020/6/28,Virginia,US,2020/6/29 4:33,37.7693,-78.17,61736,1732,8005,51999,51,723.2834934,628328,8823,2.805494363,84000051,USA,7361.333271,14.29149929
2020/6/29,Virginia,US,2020/6/30 4:34,37.7693,-78.17,62189,1740,8023,52426,51,728.5907278,636372,8823,2.797922462,84000051,USA,7455.574758,14.18739648
2020/6/30,Virginia,US,2020/7/1 4:34,37.7693,-78.17,62787,1763,8080,52944,51,735.5967458,645034,8982,2.807906095,84000051,USA,7557.056577,14.3055091
2020/7/1,Virginia,US,2020/7/2 4:33,37.7693,-78.17,63203,1786,8131,53286,51,740.4704975,658633,9023,2.82581523,84000051,USA,7716.379051,14.27622107
2020/7/2,Virginia,US,2020/7/3 4:34,37.7693,-78.17,63735,1816,8496,53423,51,746.703276,674256,9384,2.849297874,84000051,USA,7899.414201,14.72346434
2020/7/3,Virginia,US,2020/7/4 4:34,37.7693,-78.17,64393,1845,8711,53837,51,754.412239,688360,9529,2.865218269,84000051,USA,8064.653128,14.79819235
2020/7/4,Virginia,US,2020/7/5 4:34,37.7693,-78.17,65109,1849,8741,54519,51,762.8007155,699229,9549,2.839853169,84000051,USA,8191.991606,14.66617518
2020/7/5,Virginia,US,2020/7/6 4:34,37.7693,-78.17,65748,1853,8784,55111,51,770.2870792,709355,9576,2.818336679,84000051,USA,8310.625282,14.56470159
2020/7/6,Virginia,US,2020/7/7 4:34,37.7693,-78.17,66102,1853,8809,55440,51,774.4344544,715113,9592,2.803243472,84000051,USA,8378.084566,14.51090739
2020/7/7,Virginia,US,2020/7/8 5:34,37.7693,-78.17,66740,1881,8913,55946,51,781.9091024,728117,9815,2.81839976,84000051,USA,8530.436169,14.70632304
2020/7/8,Virginia,US,2020/7/9 4:34,37.7693,-78.17,67375,1905,9011,56459,51,789.3486032,737999,9982,2.827458256,84000051,USA,8646.211203,14.81558442
2020/7/9,Virginia,US,2020/7/10 4:34,37.7693,-78.17,67988,1937,9065,56986,51,796.5303574,753428,10021,2.849032182,84000051,USA,8826.973497,14.73936577
2020/7/10,Virginia,US,2020/7/11 4:34,37.7693,-78.17,68931,1958,9189,57784,51,807.5783089,768725,10195,2.840521681,84000051,USA,9006.189313,14.79015247
2020/7/11,Virginia,US,2020/7/12 4:34,37.7693,-78.17,69782,1962,9271,58549,51,817.5484115,786335,10291,2.81161331,84000051,USA,9212.503657,14.74735605
2020/7/12,Virginia,US,2020/7/13 4:43,37.7693,-78.17,70670,1966,9310,59394,51,827.9519968,804045,10355,2.781944248,84000051,USA,9419.989575,14.65261073
2020/7/13,Virginia,US,2020/7/14 4:34,37.7693,-78.17,71642,1968,9330,60344,51,839.3397051,814015,10459,2.746991988,84000051,USA,9536.795595,14.59897825
2020/7/14,Virginia,US,2020/7/15 4:34,37.7693,-78.17,72443,1977,9423,61043,51,848.7240202,830850,10550,2.729042143,84000051,USA,9734.030233,14.56317381
2020/7/15,Virginia,US,2020/7/16 4:45,37.7693,-78.17,73527,1992,9527,62008,51,861.4238923,844982,10608,2.709208862,84000051,USA,9899.597201,14.42735322
2020/7/16,Virginia,US,2020/7/17 4:35,37.7693,-78.17,74431,2007,9644,62780,51,872.0149296,861173,10778,2.696457121,84000051,USA,10089.2869,14.48052559
2020/7/17,Virginia,US,2020/7/18 4:34,37.7693,-78.17,75433,2013,9883,63537,51,883.7541103,876704,11054,2.668593321,84000051,USA,10271.2442,14.65406387
2020/7/18,Virginia,US,2020/7/19 4:35,37.7693,-78.17,76373,2025,9976,64372,51,894.7669146,889701,11142,2.651460595,84000051,USA,10423.51379,14.58892541
2020/7/19,Virginia,US,2020/7/20 5:34,37.7693,-78.17,77430,2027,10017,65386,51,907.1504615,907363,11203,2.617848379,84000051,USA,10630.43735,14.46855224
2020/7/20,Virginia,US,2020/7/21 4:38,37.7693,-78.17,78375,2031,10107,66237,51,918.2218445,920461,11265,2.59138756,84000051,USA,10783.89024,14.37320574
2020/7/21,Virginia,US,2020/7/23 5:15,37.7693,-78.17,80393,2051,10331,68011,51,941.8642264,954187,11488,2.551217146,84000051,USA,11179.01559,14.28980135
2020/7/22,Virginia,US,2020/7/23 5:15,37.7693,-78.17,80393,2051,10331,68011,51,941.8642264,954187,11488,2.551217146,84000051,USA,11179.01559,14.28980135
2020/7/23,Virginia,US,2020/7/24 5:30,37.7693,-78.17,81237,2054,10479,68704,51,951.7523188,972200,11697,2.528404545,84000051,USA,11390.05138,14.39861147
2020/7/24,Virginia,US,2020/7/25 4:47,37.7693,-78.17,82364,2067,10576,69721,51,964.9559681,990299,11826,2.509591569,84000051,USA,11602.09473,14.35821475
2020/7/25,Virginia,US,2020/7/26 4:35,37.7693,-78.17,83609,2075,10800,70734,51,979.5420759,1010443,12001,2.481790238,84000051,USA,11838.09678,14.3537179
2020/7/26,Virginia,US,2020/7/27 4:35,37.7693,-78.17,84567,2078,10882,71607,51,990.7657636,1028240,12056,2.457223267,84000051,USA,12046.60197,14.25615193
2020/7/27,Virginia,US,2020/7/28 4:59,37.7693,-78.17,86072,2082,10940,73050,51,1008.397966,1039211,12140,2.418905103,84000051,USA,12175.13545,14.10447068
2020/7/28,Virginia,US,2020/7/29 4:35,37.7693,-78.17,86994,2095,11550,73349,51,1019.199887,1059410,12844,2.408212061,84000051,USA,12411.78187,14.76423661
2020/7/29,Virginia,US,2020/7/30 4:35,37.7693,-78.17,87993,2125,11650,74218,51,1030.90392,1076756,13000,2.414964827,84000051,USA,12615.00326,14.77390247
2020/7/30,Virginia,US,2020/7/31 4:35,37.7693,-78.17,88904,2141,11728,75035,51,1041.576968,1094973,13085,2.408215603,84000051,USA,12828.42906,14.71812292
2020/7/31,Virginia,US,2020/8/1 4:36,37.7693,-78.17,89888,2174,11937,75777,51,1053.105265,1110747,13271,2.418565326,84000051,USA,13013.23329,14.76392844
2020/8/1,Virginia,US,2020/8/2 4:35,37.7693,-78.17,90801,2215,12007,76579,51,1063.801744,1127361,13263,2.439400447,84000051,USA,13207.87875,14.60666733
2020/8/2,Virginia,US,2020/8/3 4:34,37.7693,-78.17,91782,2218,12108,77456,51,1075.294894,1140026,13280,2.416595847,84000051,USA,13356.25871,14.46906801
2020/8/3,Virginia,US,2020/8/4 4:42,37.7693,-78.17,93106,2218,12255,78633,51,1090.806546,1155108,13460,2.382231006,84000051,USA,13532.95564,14.45664082
2020/8/4,Virginia,US,2020/8/5 4:34,37.7693,-78.17,94251,2244,12385,79622,51,1104.221079,1168038,13640,2.380876595,84000051,USA,13684.44028,14.47199499
2020/8/5,Virginia,US,2020/8/6 4:35,37.7693,-78.17,95049,2274,12522,80253,51,1113.570247,1179756,13826,2.39245021,84000051,USA,13821.72543,14.54618144
2020/8/6,Virginia,US,2020/8/7 4:35,37.7693,-78.17,95867,2299,12635,80933,51,1123.15373,1194927,13984,2.398114054,84000051,USA,13999.46506,14.58687557
2020/8/7,Virginia,US,2020/8/8 4:35,37.7693,-78.17,97882,2317,12725,82840,51,1146.760964,1208745,14097,2.367135939,84000051,USA,14161.35328,14.4020351
2020/8/8,Virginia,US,2020/8/9 4:35,37.7693,-78.17,99189,2322,12843,84024,51,1162.073449,1223028,14101,2.340985392,84000051,USA,14328.68933,14.21629415
2020/8/9,Virginia,US,2020/8/10 4:35,37.7693,-78.17,100086,2326,12923,84837,51,1172.582476,1244258,14123,2.324001359,84000051,USA,14577.41468,14.11086466
2020/8/10,Virginia,US,2020/8/11 4:35,37.7693,-78.17,100749,2327,12961,85461,51,1180.350017,1261547,14212,2.309700344,84000051,USA,14779.96827,14.10634349
2020/8/11,Virginia,US,2020/8/12 4:30,37.7693,-78.17,101745,2344,13152,86249,51,1192.018904,1271545,14445,2.303798712,84000051,USA,14897.10233,14.19725785
2020/8/12,Virginia,US,2020/8/13 4:30,37.7693,-78.17,102521,2352,13247,86922,51,1201.110325,1287556,14528,2.294164122,84000051,USA,15084.68319,14.17075526
2020/8/13,Virginia,US,2020/8/14 4:30,37.7693,-78.17,103622,2363,13389,87870,51,1214.009365,1306103,14647,2.280403775,84000051,USA,15301.97519,14.13502924
2020/8/14,Virginia,US,2020/8/15 4:30,37.7693,-78.17,104838,2370,13477,88991,51,1228.255716,1320272,14776,2.260630687,84000051,USA,15467.97564,14.09412618
2020/8/15,Virginia,US,2020/8/16 4:30,37.7693,-78.17,105750,2381,13694,89675,51,1238.940479,1337240,14965,2.251536643,84000051,USA,15666.76848,14.15130024
2020/8/16,Virginia,US,2020/8/17 4:30,37.7693,-78.17,106687,2381,13783,90523,51,1249.918136,1353848,14967,2.23176207,84000051,USA,15861.34364,14.02888824
2020/8/17,Virginia,US,2020/8/18 4:30,37.7693,-78.17,107421,2385,13827,91209,51,1258.517496,1373442,15000,2.220236267,84000051,USA,16090.90203,13.9637501
2020/8/18,Virginia,US,2020/8/19 4:30,37.7693,-78.17,108282,2396,13910,91976,51,1268.604756,1390305,15163,2.212740806,84000051,USA,16288.46471,14.00325077
2020/8/19,Virginia,US,2020/8/20 4:30,37.7693,-78.17,109019,2410,13989,92620,51,1277.239263,1407015,15232,2.210623836,84000051,USA,16484.23488,13.97187646
2020/8/20,Virginia,US,2020/8/21 4:30,37.7693,-78.17,109879,2427,14091,93361,51,1287.314808,1422928,15357,2.208793309,84000051,USA,16670.6676,13.976283
2020/8/21,Virginia,US,2020/8/22 4:30,37.7693,-78.17,110857,2436,14249,94172,51,1298.77281,1441961,15482,2.197425512,84000051,USA,16893.65345,13.96573965
2020/8/22,Virginia,US,2020/8/23 4:30,37.7693,-78.17,112072,2443,14353,95272,51,1312.960583,1458475,15507,2.179926473,84000051,USA,17087.12733,13.8371346
2020/8/23,Virginia,US,2020/8/24 4:30,37.7693,-78.17,112960,2467,14443,96050,51,1323.411031,1470887,15598,2.183958924,84000051,USA,17232.54321,13.80842776
2020/8/24,Virginia,US,2020/8/25 4:30,37.7693,-78.17,113623,2471,14482,96670,51,1331.178573,1483980,15609,2.174735749,84000051,USA,17385.93752,13.73753553
2020/8/25,Virginia,US,2020/8/26 4:30,37.7693,-78.17,114626,2494,14581,97551,51,1342.929469,1499970,15755,2.17577164,84000051,USA,17573.27235,13.74470016
2020/8/26,Virginia,US,2020/8/27 4:30,37.7693,-78.17,115448,2515,14682,98251,51,1352.559815,1507542,15852,2.178469961,84000051,USA,17661.984,13.73085718
2020/8/27,Virginia,US,2020/8/28 4:30,37.7693,-78.17,116569,2527,14764,99278,51,1365.69317,1507542,15938,2.167814771,84000051,USA,17661.984,13.67258877
2020/8/28,Virginia,US,2020/8/29 4:30,37.7693,-78.17,117592,2550,14866,100162,51,1377.514361,1544436,,2.16877307,84000051,USA,18094.22485,
2020/8/29,Virginia,US,2020/8/30 4:30,37.7693,-78.17,118809,2568,14957,101269,51,1391.760712,1560673,,2.16172534,84000051,USA,18284.45347,
2020/8/30,Virginia,US,2020/8/31 4:30,37.7693,-78.17,119747,2569,14999,102161,51,1402.714937,1573427,,2.145678992,84000051,USA,18433.87614,
2020/8/31,Virginia,US,2020/9/1 4:30,37.7693,-78.17,120594,2580,15085,102910,51,1412.626461,1586551,,2.139747045,84000051,USA,18587.63363,
2020/9/1,Virginia,US,2020/9/2 4:30,37.7693,-78.17,121615,2612,15199,103782,51,1424.553094,1598689,,2.148149976,84000051,USA,18729.83939,
2020/9/2,Virginia,US,2020/9/3 4:30,37.7693,-78.17,122518,2641,15319,104558,51,1435.390162,1610691,,2.155601626,84000051,USA,18870.45181,
2020/9/3,Virginia,US,2020/9/4 4:30,37.7693,-78.17,123637,2652,15395,105590,51,1448.500085,1624531,,2.14498896,84000051,USA,19032.59778,
2020/9/4,Virginia,US,2020/9/5 4:30,37.7693,-78.17,124738,2662,15492,106584,51,1461.399125,1639828,,2.134073017,84000051,USA,19211.8136,
2020/9/5,Virginia,US,2020/9/6 4:30,37.7693,-78.17,125727,2677,15636,107368,51,1472.447077,1657556,,2.129995783,84000051,USA,19419.5104,
2020/9/6,Virginia,US,2020/9/7 4:30,37.7693,-78.17,126926,2678,15683,108516,51,1486.459113,1670084,,2.110705644,84000051,USA,19566.28531,
2020/9/7,Virginia,US,2020/9/8 4:30,37.7693,-78.17,127571,2684,15742,109090,51,1493.945477,1682098,,2.104833903,84000051,USA,19707.03832,
2020/9/8,Virginia,US,2020/9/9 4:30,37.7693,-78.17,128407,2686,15770,109894,51,1503.716411,1689744,,2.092715232,84000051,USA,19796.61694,
2020/9/9,Virginia,US,2020/9/10 4:30,37.7693,-78.17,129289,2697,15967,110565,51,1514.014555,1700004,,2.086992858,84000051,USA,19916.82052,
2020/9/10,Virginia,US,2020/9/11 4:30,37.7693,-78.17,130525,2708,16061,111691,51,1528.436642,1716462,,2.075732025,84000051,USA,20109.63832,
2020/9/11,Virginia,US,2020/9/12 4:30,37.7693,-78.17,131640,2711,16143,112717,51,1541.45284,1734047,,2.060484453,84000051,USA,20315.65977,
2020/9/12,Virginia,US,2020/9/13 4:32,37.7693,-78.17,132868,2722,16276,113870,51,1556.648166,1750110,,2.048649788,84000051,USA,20503.84985,
2020/9/13,Virginia,US,2020/9/14 4:30,37.7693,-78.17,133814,2724,16310,114708,51,1566.887731,1766238,,2.036757339,84000051,USA,20692.80146,
2020/9/14,Virginia,US,2020/9/15 3:30,37.7693,-78.17,134571,2743,16361,115389,51,1575.686259,1779329,,2.03951135,84000051,USA,20846.17233,
2020/9/15,Virginia,US,2020/9/16 4:30,37.7693,-78.17,135514,2839,16449,116142,51,1586.640484,1791808,,2.094840063,84000051,USA,20992.37316,
2020/9/16,Virginia,US,2020/9/17 4:30,37.7693,-78.17,136359,2884,16536,116851,51,1596.493429,1806247,,2.114934431,84000051,USA,21161.53687,
2020/9/17,Virginia,US,2020/9/18 5:10,37.7693,-78.17,137460,2920,16671,117778,51,1609.357322,1828512,,2.124236534,84000051,USA,21422.38802,
2020/9/18,Virginia,US,2020/9/19 4:30,37.7693,-78.17,138702,2949,16762,118896,51,1623.86142,1831623,,2.126185924,84000051,USA,21458.83572,
2020/9/19,Virginia,US,2020/9/20 4:30,37.7693,-78.17,139655,2990,16848,119710,51,1634.88594,1866666,,2.141229415,84000051,USA,21869.39072,
2020/9/20,Virginia,US,2020/9/21 4:30,37.7693,-78.17,140511,3015,16880,120502,51,1644.832611,1882028,,2.146087824,84000051,USA,22049.36806,
2020/9/21,Virginia,US,2020/9/22 4:30,37.7693,-78.17,141138,3021,16903,121100,51,1652.178385,1898637,,2.140800726,84000051,USA,22243.95494,
2020/9/22,Virginia,US,2020/9/23 4:30,37.7693,-78.17,142010,3060,16979,121847,51,1662.277361,1911580,,2.155281779,84000051,USA,22395.59188,
2020/9/23,Virginia,US,2020/9/24 4:30,37.7693,-78.17,142590,3089,17038,122334,51,1669.013917,1922606,,2.16693926,84000051,USA,22524.76973,
2020/9/24,Virginia,US,2020/9/25 4:30,37.7693,-78.17,143492,3113,17099,123147,51,1679.53466,1952965,,2.170106796,84000051,USA,22880.44816,
2020/9/25,Virginia,US,2020/9/26 4:30,37.7693,-78.17,144433,3136,17185,123975,51,1690.512317,1973499,,2.171954482,84000051,USA,23121.01935,
2020/9/26,Virginia,US,2020/9/27 4:30,37.7693,-78.17,145408,3144,17255,124870,51,1701.911741,1993344,,2.162913807,84000051,USA,23353.5184,
2020/9/27,Virginia,US,2020/9/28 4:30,37.7693,-78.17,146144,3159,17443,125401,51,1710.511101,2003129,,2.162313957,84000051,USA,23468.157,
2020/9/28,Virginia,US,2020/9/29 4:30,37.7693,-78.17,146593,3172,17483,125791,51,1715.701178,2027168,,2.164649969,84000051,USA,23749.7919,
2020/9/29,Virginia,US,2020/9/30 4:30,37.7693,-78.17,147516,3187,17576,126584,51,1726.257068,2039510,,2.161593539,84000051,USA,23894.38768,
2020/9/30,Virginia,US,2020/10/1 4:30,37.7693,-78.17,148271,3208,17633,127254,51,1735.008732,2049988,,2.16419523,84000051,USA,24017.1453,
2020/10/1,Virginia,US,2020/10/2 4:30,37.7693,-78.17,148721,3228,17713,127598,51,1740.210525,2074236,,2.171190822,84000051,USA,24301.22878,
2020/10/2,Virginia,US,2020/10/3 4:30,37.7693,-78.17,149687,3250,17752,128491,51,1751.38735,2094361,,2.172051642,84000051,USA,24537.00824,
2020/10/3,Virginia,US,2020/10/4 4:30,37.7693,-78.17,150803,3270,17810,129506,51,1764.192664,2113878,,2.169567614,84000051,USA,24765.66451,
2020/10/4,Virginia,US,2020/10/5 4:30,37.7693,-78.17,151870,3273,17848,130524,51,1776.599642,2113878,,2.156394666,84000051,USA,24765.66451,
2020/10/5,Virginia,US,2020/10/6 4:30,37.7693,-78.17,152557,3276,17893,131156,51,1784.566352,2139991,,2.148737543,84000051,USA,25071.59787,
2020/10/6,Virginia,US,2020/10/7 4:30,37.7693,-78.17,153182,3291,18112,131545,51,1791.865263,2154168,,2.149792409,84000051,USA,25237.69205,
2020/10/7,Virginia,US,2020/10/8 4:30,37.7693,-78.17,153691,3303,18189,131962,51,1797.793432,2170313,,2.15052362,84000051,USA,25426.84282,
2020/10/8,Virginia,US,2020/10/9 4:30,37.7693,-78.17,155535,3328,18278,133667,51,1819.10438,2189792,,2.141431056,84000051,USA,25655.0539,
2020/10/9,Virginia,US,2020/10/10 4:30,37.7693,-78.17,156649,3344,18336,134695,51,1832.015136,2219510,,2.136571765,84000051,USA,26003.22253,
2020/10/10,Virginia,US,2020/10/11 4:30,37.7693,-78.17,157905,3354,18447,135811,51,1846.507518,2238204,,2.126147618,84000051,USA,26222.23675,
2020/10/11,Virginia,US,2020/10/12 4:30,37.7693,-78.17,158716,3358,18492,136562,51,1855.880117,2256820,,2.117935218,84000051,USA,26440.33714,
2020/10/12,Virginia,US,2020/10/13 4:30,37.7693,-78.17,159570,3361,18539,137351,51,1865.709631,2271842,,2.108660705,84000051,USA,26616.33112,
2020/10/13,Virginia,US,2020/10/14 4:30,37.7693,-78.17,160805,3372,18657,138421,51,1879.756814,2292562,,2.099758799,84000051,USA,26859.08145,
2020/10/14,Virginia,US,2020/10/15 4:30,37.7693,-78.17,161610,3381,18747,139111,51,1889.00054,2304369,,2.095065618,84000051,USA,26997.4093,
2020/10/15,Virginia,US,2020/10/16 4:30,37.7693,-78.17,162941,3388,18831,140322,51,1904.254445,2326802,,2.082589917,84000051,USA,27260.2287,
2020/10/16,Virginia,US,2020/10/17 4:30,37.7693,-78.17,164124,3408,18911,141394,51,1917.985304,2346899,,2.07989738,84000051,USA,27495.68011,
2020/10/17,Virginia,US,2020/10/18 4:30,37.7693,-78.17,165238,3422,18996,142380,51,1930.696891,2366380,,2.074698868,84000051,USA,27723.91462,
2020/10/18,Virginia,US,2020/10/19 4:30,37.7693,-78.17,166138,3433,19034,143212,51,1941.018466,2386778,,2.070305898,84000051,USA,27962.89247,
2020/10/19,Virginia,US,2020/10/20 4:30,37.7693,-78.17,166828,3457,19096,143810,51,1949.032039,2398111,,2.076220245,84000051,USA,28095.66706,
2020/10/20,Virginia,US,2020/10/21 4:30,37.7693,-78.17,167754,3485,19170,144618,51,1959.693371,2411940,,2.081664375,84000051,USA,28257.68415,
2020/10/21,Virginia,US,2020/10/22 4:30,37.7693,-78.17,168772,3515,19226,145523,51,1971.291962,2431736,,2.086651611,84000051,USA,28489.60913,
2020/10/22,Virginia,US,2020/10/23 4:30,37.7693,-78.17,170104,3524,19321,146725,51,1986.592731,2451698,,2.075887855,84000051,USA,28723.47891,
2020/10/23,Virginia,US,2020/10/24 4:30,37.7693,-78.17,171284,3539,19406,147789,51,2000.229863,2472061,,2.070520705,84000051,USA,28962.04671,
2020/10/24,Virginia,US,2020/10/25 4:30,37.7693,-78.17,172372,3578,19455,148762,51,2012.660273,2489017,,2.080434947,84000051,USA,29160.69896,
2020/10/25,Virginia,US,2020/10/26 4:30,37.7693,-78.17,173371,3579,19520,149679,51,2024.176854,2510113,,2.069177075,84000051,USA,29407.8544,
2020/10/26,Virginia,US,2020/10/27 4:30,37.7693,-78.17,174275,3581,19583,150503,51,2034.592155,2525421,,2.059736386,84000051,USA,29587.19909,
2020/10/27,Virginia,US,2020/10/28 4:30,37.7693,-78.17,175409,3600,19702,151489,51,2047.748942,2543515,,2.056800888,84000051,USA,29799.18386,
2020/10/28,Virginia,US,2020/10/29 4:30,37.7693,-78.17,176754,3616,19786,153352,51,2070.805536,2563313,,2.045781142,84000051,USA,30031.13226,
2020/10/29,Virginia,US,2020/10/30 4:30,37.7693,-78.17,178183,3636,19832,154715,51,2087.547342,2583805,,2.04059871,84000051,USA,30271.21139,
2020/10/30,Virginia,US,2020/10/31 4:30,37.7693,-78.17,179639,3643,19929,156067,51,2104.605473,2606664,,2.027956067,84000051,USA,30539.0217,
2020/10/31,Virginia,US,2020/11/1 4:39,37.7693,-78.17,181190,3654,20008,157528,51,2122.7766,2626052,,2.016667587,84000051,USA,30766.16665,
2020/11/1,Virginia,US,2020/11/2 5:30,37.7693,-78.17,182392,3655,20044,158693,51,2136.85893,2647659,,2.003925611,84000051,USA,31019.30884,
2020/11/2,Virginia,US,2020/11/3 6:00,37.7693,-78.17,183418,3658,20124,159636,51,2148.879289,2663155,,1.994351699,84000051,USA,31200.85609,
2020/11/3,Virginia,US,2020/11/4 5:30,37.7693,-78.17,184679,3666,20306,160707,51,2163.652849,2685669,,1.985065979,84000051,USA,31464.62447,
2020/11/4,Virginia,US,2020/11/5 6:05,37.7693,-78.17,185836,3677,20372,161787,51,2177.207971,2700765,,1.978626316,84000051,USA,31641.48542,
2020/11/5,Virginia,US,2020/11/6 5:30,37.7693,-78.17,187202,3688,21289,162225,51,2193.211684,2719206,,1.970064422,84000051,USA,31857.53555,
2020/11/6,Virginia,US,2020/11/7 5:30,37.7693,-78.17,188770,3682,21366,163722,51,2211.581979,2743229,,1.950521799,84000051,USA,32138.983,
2020/11/7,Virginia,US,2020/11/8 5:30,37.7693,-78.17,190873,3704,21441,165728,51,2236.220199,2766353,,1.940557334,84000051,USA,32409.89798,
2020/11/8,Virginia,US,2020/11/9 5:30,37.7693,-78.17,192175,3707,21494,166974,51,2251.474105,2787106,,1.92897099,84000051,USA,32653.03492,
2020/11/9,Virginia,US,2020/11/10 5:42,37.7693,-78.17,193477,3713,21618,168146,51,2266.72801,2802850,,1.919091158,84000051,USA,32837.48768,
2020/11/10,Virginia,US,2020/11/11 5:30,37.7693,-78.17,194912,3726,21716,169470,51,2283.54011,2820659,,1.911631916,84000051,USA,33046.13346,
2020/11/11,Virginia,US,2020/11/12 5:30,37.7693,-78.17,196506,3741,21863,170902,51,2302.215015,2841807,,1.903758664,84000051,USA,33293.89812,
2020/11/12,Virginia,US,2020/11/13 5:30,37.7693,-78.17,198027,3758,22002,172267,51,2320.034669,2853797,,1.897721018,84000051,USA,33434.36995,
2020/11/13,Virginia,US,2020/11/14 5:30,37.7693,-78.17,199262,3785,22095,173382,51,2334.50362,2864009,,1.899509189,84000051,USA,33554.01119,
2020/11/14,Virginia,US,2020/11/15 5:30,37.7693,-78.17,200799,3799,22192,174808,51,2352.510726,2887002,,1.891941693,84000051,USA,33823.39141,
2020/11/15,Virginia,US,2020/11/16 5:30,37.7693,-78.17,201960,3800,22252,175908,51,2366.112711,2920737,,1.881560705,84000051,USA,34218.62221,
2020/11/16,Virginia,US,2020/11/17 5:30,37.7693,-78.17,204637,3806,22362,178469,51,2397.475772,2938133,,1.859878712,84000051,USA,34422.42938,
2020/11/17,Virginia,US,2020/11/18 5:42,37.7693,-78.17,206762,3835,22466,180461,51,2422.371739,2963157,,1.854789565,84000051,USA,34715.60429,
2020/11/18,Virginia,US,2020/11/19 5:30,37.7693,-78.17,208833,3860,22594,182379,51,2446.635055,2983430,,1.848366877,84000051,USA,34953.11767,
2020/11/19,Virginia,US,2020/11/20 5:30,37.7693,-78.17,210787,3896,22858,184033,51,2469.527629,3007461,,1.848311328,84000051,USA,35234.65884,
2020/11/20,Virginia,US,2020/11/21 5:30,37.7693,-78.17,213331,3912,22946,186473,51,2499.332495,3035632,,1.833770057,84000051,USA,35564.70321,
2020/11/21,Virginia,US,2020/11/22 5:30,37.7693,-78.17,215679,3938,23053,188688,51,2526.841074,3071135,,1.825861581,84000051,USA,35980.64746,
2020/11/22,Virginia,US,2020/11/23 5:30,37.7693,-78.17,217796,3938,23133,190725,51,2551.643315,3118894,,1.808114015,84000051,USA,36540.17992,
2020/11/23,Virginia,US,2020/11/23 5:30,37.7693,-78.17,217796,3938,23133,190725,51,2551.643315,3118894,,1.808114015,84000051,USA,36540.17992,
2020/11/24,Virginia,US,2020/11/25 5:30,37.7693,-78.17,223582,3979,23498,196105,51,2619.43064,3187267,,1.779660259,84000051,USA,37341.22084,
2020/11/25,Virginia,US,2020/11/26 5:30,37.7693,-78.17,226300,4008,23625,198667,51,2651.274047,3213866,,1.771100309,84000051,USA,37652.84806,
2020/11/26,Virginia,US,2020/11/26 5:30,37.7693,-78.17,226300,4008,23625,198667,51,2651.274047,3213866,,1.771100309,84000051,USA,37652.84806,
2020/11/27,Virginia,US,2020/11/28 5:30,37.7693,-78.17,230444,4044,23858,202542,51,2699.824111,3269710,,1.754873201,84000051,USA,38307.10236,
2020/11/28,Virginia,US,2020/11/29 5:30,37.7693,-78.17,233617,4054,23957,205606,51,2736.998184,3295208,,1.735318919,84000051,USA,38605.83053,
2020/11/29,Virginia,US,2020/11/30 5:30,37.7693,-78.17,235942,4058,24062,207822,51,2764.237301,3309343,,1.719914216,84000051,USA,38771.43265,
2020/11/30,Virginia,US,2020/12/1 5:30,37.7693,-78.17,237835,4062,24199,209574,51,2786.415214,3326327,,1.707906742,84000051,USA,38970.41293,
2020/12/1,Virginia,US,2020/12/2 5:30,37.7693,-78.17,240063,4093,24393,211577,51,2812.517903,3341426,,1.704969112,84000051,USA,39147.30903,
2020/12/2,Virginia,US,2020/12/3 5:30,37.7693,-78.17,242480,4113,24620,213747,51,2840.834869,3350896,,1.696222369,84000051,USA,39258.25717,
2020/12/3,Virginia,US,2020/12/4 5:30,37.7693,-78.17,244503,4147,24782,215574,51,2864.53583,3361001,,1.696093708,84000051,USA,39376.64482,
2020/12/4,Virginia,US,2020/12/5 5:30,37.7693,-78.17,247380,4160,24998,218222,51,2898.24204,3386624,,1.681623413,84000051,USA,39676.83746,
2020/12/5,Virginia,US,2020/12/6 5:30,37.7693,-78.17,251173,4197,25115,221861,51,2942.679877,3436348,,1.670959856,84000051,USA,40259.39137,
2020/12/6,Virginia,US,2020/12/7 5:30,37.7693,-78.17,255053,4200,25235,225618,51,2988.136984,3492201,,1.646716565,84000051,USA,40913.75111,
2020/12/7,Virginia,US,2020/12/8 5:30,37.7693,-78.17,258870,4208,25401,229261,51,3032.855999,3522052,,1.625526326,84000051,USA,41263.47794,
2020/12/8,Virginia,US,2020/12/9 5:30,37.7693,-78.17,262730,4260,25201,233269,51,3078.078791,3545869,,1.621436456,84000051,USA,41542.51194,
2020/12/9,Virginia,US,2020/12/10 5:30,37.7693,-78.17,267128,4281,25862,236985,51,3129.604656,3573299,,1.602602498,84000051,USA,41863.87494,
2020/12/10,Virginia,US,2020/12/11 5:30,37.7693,-78.17,271043,4335,26016,240692,51,3175.471814,3600741,,1.599377221,84000051,USA,42185.37853,
2020/12/11,Virginia,US,2020/12/12 5:30,37.7693,-78.17,274438,4370,26190,243878,51,3215.246782,3634492,,1.592345083,84000051,USA,42580.79679,
2020/12/12,Virginia,US,2020/12/13 5:30,37.7693,-78.17,278615,4409,26434,247772,51,3264.183467,3670781,,1.582470434,84000051,USA,43005.94961,
2020/12/13,Virginia,US,2020/12/14 5:30,37.7693,-78.17,281909,4411,26503,250995,51,3302.775145,3702747,,1.564689315,84000051,USA,43380.45525,
2020/12/14,Virginia,US,2020/12/15 5:30,37.7693,-78.17,285149,4414,26618,254117,51,3340.734172,3729013,,1.547962644,84000051,USA,43688.18112,
2020/12/15,Virginia,US,2020/12/16 5:30,37.7693,-78.17,288309,4470,26929,256910,51,3377.75594,3754756,,1.550419862,84000051,USA,43989.77965,
2020/12/16,Virginia,US,2020/12/17 5:30,37.7693,-78.17,292240,4508,27060,260672,51,3423.81055,3780026,,1.542567753,84000051,USA,44285.83663,
2020/12/17,Virginia,US,2020/12/18 5:30,37.7693,-78.17,296093,4553,27307,264233,51,3468.951331,3810790,,1.537692549,84000051,USA,44646.25994,
2020/12/18,Virginia,US,2020/12/19 5:30,37.7693,-78.17,299388,4598,27471,267319,51,3507.554725,3831683,,1.535799698,84000051,USA,44891.03709,
2020/12/19,Virginia,US,2020/12/20 5:30,37.7693,-78.17,302972,4643,27633,270696,51,3549.54397,3888669,,1.53248485,84000051,USA,45558.67077,
2020/12/20,Virginia,US,2020/12/21 5:30,37.7693,-78.17,306848,4650,27780,274418,51,3594.954214,3937968,,1.51540828,84000051,USA,46136.24549,
2020/12/21,Virginia,US,2020/12/22 5:30,37.7693,-78.17,310890,4654,27887,278349,51,3642.309273,3975016,,1.496992505,84000051,USA,46570.29057,
2020/12/22,Virginia,US,2020/12/23 5:30,37.7693,-78.17,314481,4705,28175,281601,51,3684.380528,3993232,,1.496115823,84000051,USA,46783.70466,
2020/12/23,Virginia,US,2020/12/24 5:30,37.7693,-78.17,319133,4760,28330,286043,51,3738.882193,4029903,,1.491541144,84000051,USA,47213.3329,
2020/12/24,Virginia,US,2020/12/24 5:30,37.7693,-78.17,319133,4760,28330,286043,51,3738.882193,4029903,,1.491541144,84000051,USA,47213.3329,
2020/12/25,Virginia,US,2020/12/26 5:30,37.7693,-78.17,327993,4820,29131,294042,51,3842.683731,4070000,,1.469543557,84000051,USA,47683.09929,
2020/12/26,Virginia,US,2020/12/27 5:30,37.7693,-78.17,329577,4840,29545,295192,51,3861.241478,4128799,,1.46854908,84000051,USA,48371.97363,
2020/12/27,Virginia,US,2020/12/28 5:30,37.7693,-78.17,333576,4854,29661,299061,51,3908.092759,4149987,,1.455140658,84000051,USA,48620.20693,
2020/12/28,Virginia,US,2020/12/29 5:30,37.7693,-78.17,336175,4861,29782,301532,51,3938.541991,4168673,,1.445973079,84000051,USA,48839.12742,
2020/12/29,Virginia,US,2020/12/30 5:30,37.7693,-78.17,340297,4920,30133,305244,51,3986.83431,4191183,,1.445795878,84000051,USA,49102.84893,
2020/12/30,Virginia,US,2020/12/31 5:30,37.7693,-78.17,344345,4984,30444,308917,51,4034.259662,4220943,,1.447385616,84000051,USA,49451.50963,
2020/12/31,Virginia,US,2021/1/1 5:30,37.7693,-78.17,349584,5032,30707,313845,51,4095.638473,4255991,,1.439425145,84000051,USA,49862.12321,
2021/1/1,Virginia,US,2021/1/2 5:30,37.7693,-78.17,354766,5081,30964,318721,51,4156.349485,4291320,,1.432211655,84000051,USA,50276.02891,
2021/1/2,Virginia,US,2021/1/3 5:30,37.7693,-78.17,358755,5117,31182,322456,51,4203.083609,4337939,,1.426321584,84000051,USA,50822.20542,
2021/1/3,Virginia,US,2021/1/4 5:30,37.7693,-78.17,363765,5124,31368,327273,51,4261.779512,4365480,,1.408601707,84000051,USA,51144.86887,
2021/1/4,Virginia,US,2021/1/5 5:30,37.7693,-78.17,367536,5132,31561,330843,51,4305.959602,4383477,,1.396325802,84000051,USA,51355.71721,
2021/1/5,Virginia,US,2021/1/6 5:30,37.7693,-78.17,371913,5191,31735,334987,51,4357.239437,4404641,,1.395756534,84000051,USA,51603.66933,
2021/1/6,Virginia,US,2021/1/7 5:30,37.7693,-78.17,377300,5226,32101,339973,51,4420.352178,4428211,,1.385104691,84000051,USA,51879.80953,
2021/1/7,Virginia,US,2021/1/8 5:30,37.7693,-78.17,382679,5275,32368,345036,51,4483.371193,4463768,,1.378439893,84000051,USA,52296.38643,
2021/1/8,Virginia,US,2021/1/9 5:30,37.7693,-78.17,387917,5312,32595,350010,51,4544.738287,4500002,,1.369365096,84000051,USA,52720.89489,
2021/1/9,Virginia,US,2021/1/10 5:30,37.7693,-78.17,393715,5381,32833,355501,51,4612.666201,4537960,,1.366724661,84000051,USA,53165.6013,
2021/1/10,Virginia,US,2021/1/11 5:30,37.7693,-78.17,398856,5383,32998,360475,51,4672.896868,4588152,,1.349609884,84000051,USA,53753.63818,
2021/1/11,Virginia,US,2021/1/12 5:30,37.7693,-78.17,403386,5393,33142,364851,51,4725.969212,4621140,,1.336932863,84000051,USA,54140.11731,
2021/1/12,Virginia,US,2021/1/13 5:30,37.7693,-78.17,407947,5477,33562,368908,51,4779.404744,4640967,,1.342576364,84000051,USA,54372.40547,
2021/1/13,Virginia,US,2021/1/14 5:30,37.7693,-78.17,412545,5552,33798,373195,51,4833.273759,4674630,,1.34579258,84000051,USA,54766.79274,
2021/1/14,Virginia,US,2021/1/15 5:30,37.7693,-78.17,417839,5626,34013,378200,51,4895.296935,4706714,,1.346451624,84000051,USA,55142.68084,
2021/1/15,Virginia,US,2021/1/16 5:30,37.7693,-78.17,422634,5656,34805,382173,51,4951.473953,4730680,,1.338273778,84000051,USA,55423.46048,
2021/1/16,Virginia,US,2021/1/17 5:30,37.7693,-78.17,429391,5706,35095,388590,51,5030.63727,4764813,,1.328858779,84000051,USA,55823.35415,
2021/1/17,Virginia,US,2021/1/18 5:30,37.7693,-78.17,439305,5729,35276,398300,51,5146.787208,4807396,,1.304105348,84000051,USA,56322.2459,
2021/1/18,Virginia,US,2021/1/19 5:30,37.7693,-78.17,446550,5739,35476,405335,51,5231.667811,4852729,,1.285186429,84000051,USA,56853.35596,
2021/1/19,Virginia,US,2021/1/20 5:30,37.7693,-78.17,451076,5798,35752,409526,51,5284.693292,4878157,,1.28537098,84000051,USA,57151.26403,
2021/1/20,Virginia,US,2021/1/21 5:30,37.7693,-78.17,455591,5861,36103,413627,51,5337.589899,4899081,,1.286460883,84000051,USA,57396.40437,
2021/1/21,Virginia,US,2021/1/22 5:30,37.7693,-78.17,459604,5940,36379,417285,51,5384.605201,4923610,,1.29241695,84000051,USA,57683.77998,
2021/1/22,Virginia,US,2021/1/23 5:30,37.7693,-78.17,463751,6002,36577,421172,51,5433.190413,4948485,,1.294229015,84000051,USA,57975.20924,
2021/1/23,Virginia,US,2021/1/24 5:30,37.7693,-78.17,468655,6079,36817,425759,51,5490.644447,4977971,,1.297116216,84000051,USA,58320.65982,
2021/1/24,Virginia,US,2021/1/25 5:30,37.7693,-78.17,472447,6078,37076,429293,51,5535.070568,5007050,,1.286493511,84000051,USA,58661.34209,
2021/1/25,Virginia,US,2021/1/26 5:30,37.7693,-78.17,478619,6081,37191,435347,51,5607.380172,5056432,,1.270530422,84000051,USA,59239.88922,
2021/1/26,Virginia,US,2021/1/27 5:30,37.7693,-78.17,483326,6174,37527,439625,51,5662.526204,5079311,,1.277398692,84000051,USA,59507.93385,
2021/1/27,Virginia,US,2021/1/28 5:30,37.7693,-78.17,488553,6228,37823,444502,51,5723.764425,5112697,,1.274784926,84000051,USA,59899.07585,
2021/1/28,Virginia,US,2021/1/29 5:30,37.7693,-78.17,493674,6308,38597,448769,51,5783.760777,5146985,,1.277766299,84000051,USA,60300.78546,
2021/1/29,Virginia,US,2021/1/30 5:30,37.7693,-78.17,497912,6379,38947,452586,51,5833.412122,5180202,,1.281150083,84000051,USA,60689.9475,
2021/1/30,Virginia,US,2021/1/31 5:30,37.7693,-78.17,502221,6449,39192,456580,51,5883.895285,5210235,,1.284096045,84000051,USA,61041.8066,
2021/1/31,Virginia,US,2021/2/1 5:30,37.7693,-78.17,504779,6464,40322,457993,51,5913.864172,5234155,,1.280560404,84000051,USA,61322.04732,
2021/2/1,Virginia,US,2021/2/2 5:30,37.7693,-78.17,507640,6474,40511,460655,51,5947.38293,5261801,,1.275313214,84000051,USA,61645.94092,
2021/2/2,Virginia,US,2021/2/3 5:30,37.7693,-78.17,510380,6517,40673,463190,51,5979.484083,5281726,,1.276891728,84000051,USA,61879.37722,
2021/2/3,Virginia,US,2021/2/4 5:30,37.7693,-78.17,513339,6575,40923,465841,51,6014.150985,5300826,,1.280830017,84000051,USA,62103.14803,
2021/2/4,Virginia,US,2021/2/5 5:30,37.7693,-78.17,516398,6650,41067,468681,51,6049.989462,5316450,,1.287766413,84000051,USA,62286.1949,
2021/2/5,Virginia,US,2021/2/6 5:30,37.7693,-78.17,521467,6732,41288,473447,51,6109.376594,5371049,,1.29097335,84000051,USA,62925.86309,
2021/2/6,Virginia,US,2021/2/7 5:30,37.7693,-78.17,526176,6773,41489,477914,51,6164.546057,5410417,,1.287211883,84000051,USA,63387.08871,
2021/2/7,Virginia,US,2021/2/8 5:30,37.7693,-78.17,529125,6778,41558,480789,51,6199.095802,5437773,,1.280982755,84000051,USA,63707.58474,
2021/2/8,Virginia,US,2021/2/9 5:30,37.7693,-78.17,530825,6820,41636,482369,51,6219.012576,5449974,,1.28479254,84000051,USA,63850.5286,
2021/2/9,Virginia,US,2021/2/10 5:30,37.7693,-78.17,534116,6898,42199,485019,51,6257.569106,5469777,,1.291479753,84000051,USA,64082.53558,
2021/2/10,Virginia,US,2021/2/11 5:30,37.7693,-78.17,537319,6932,42338,488049,51,6295.094651,5486136,,1.290108855,84000051,USA,64274.19352,
2021/2/11,Virginia,US,2021/2/12 5:30,37.7693,-78.17,541018,6958,42518,491542,51,6338.431207,5518735,,1.286093993,84000051,USA,64656.11523,
2021/2/12,Virginia,US,2021/2/13 5:30,37.7693,-78.17,544209,6966,42712,494531,51,6375.816163,5553955,,1.280022932,84000051,USA,65068.74392,
2021/2/13,Virginia,US,2021/2/14 5:30,37.7693,-78.17,547424,6996,42887,497541,51,6413.482297,5583255,,1.27798562,84000051,USA,65412.01537,
2021/2/14,Virginia,US,2021/2/15 5:31,37.7693,-78.17,549999,7012,42994,499993,51,6443.650351,5607650,,1.274911409,84000051,USA,65697.82107,
2021/2/15,Virginia,US,2021/2/16 5:31,37.7693,-78.17,551538,7016,43135,501387,51,6461.680889,5622345,,1.272079168,84000051,USA,65869.984,
2021/2/16,Virginia,US,2021/2/17 5:30,37.7693,-78.17,553308,7037,43305,502966,51,6482.417765,5633818,,1.271805215,84000051,USA,66004.3988,
2021/2/17,Virginia,US,2021/2/18 5:30,37.7693,-78.17,555592,7075,44595,503922,51,6509.176536,5653212,,1.273416464,84000051,USA,66231.61404,
2021/2/18,Virginia,US,2021/2/18 5:30,37.7693,-78.17,555592,7075,44595,503922,51,6509.176536,5653212,,1.273416464,84000051,USA,66231.61404,
2021/2/19,Virginia,US,2021/2/20 5:30,37.7693,-78.17,559930,7098,45524,507308,51,6559.999456,5703634,,1.267658457,84000051,USA,66822.34554,
2021/2/20,Virginia,US,2021/2/21 5:30,37.7693,-78.17,561812,7197,45667,508948,51,6582.048496,5728208,,1.281033513,84000051,USA,67110.24836,
2021/2/21,Virginia,US,2021/2/22 5:30,37.7693,-78.17,564115,7331,45746,511038,51,6609.029867,5749734,,1.299557714,84000051,USA,67362.44158,
2021/2/22,Virginia,US,2021/2/23 5:30,37.7693,-78.17,565270,7486,45892,511892,51,6622.561557,5762389,,1.32432289,84000051,USA,67510.70439,
2021/2/23,Virginia,US,2021/2/24 5:31,37.7693,-78.17,567039,7658,,559381,51,6643.286718,5778994,,1.350524391,84000051,USA,67705.2444,
2021/2/24,Virginia,US,2021/2/25 5:31,37.7693,-78.17,568946,7807,,561139,51,6665.628651,5799799,,1.372186464,84000051,USA,67948.99057,
2021/2/25,Virginia,US,2021/2/26 5:30,37.7693,-78.17,570982,7963,,563019,51,6689.481917,5830467,,1.394614892,84000051,USA,68308.28916,
2021/2/26,irginia,US,2021/2/27 5:30,37.7693,-78.17,572639,8197,,564442,51,6708.894913,5854653,,1.431442846,84000051,USA,68591.64627,
2021/2/27,Virginia,US,2021/2/28 5:30,37.7693,-78.17,574314,8382,,565932,51,6728.518793,5879000,,1.459480354,84000051,USA,68876.88962,
2021/2/28,Virginia,US,2021/3/1 5:30,37.7693,-78.17,576050,8552,,567498,51,6748.857334,5902722,,1.484593351,84000051,USA,69154.81062,
2021/3/1,Virginia,US,2021/3/2 5:30,37.7693,-78.17,577174,8783,,568391,51,6762.025836,5915914,,1.521724818,84000051,USA,69309.36478,
2021/3/2,Virginia,US,2021/3/3 5:30,37.7693,-78.17,578559,8943,,569616,51,6778.252148,5928679,,1.545736908,84000051,USA,69458.91632,
2021/3/3,Virginia,US,2021/3/4 5:30,37.7693,-78.17,580108,9326,,570782,51,6796.399844,5946972,,1.607631682,84000051,USA,69673.23252,
2021/3/4,Virginia,US,2021/3/5 5:31,37.7693,-78.17,581408,9357,,572051,51,6811.630318,5972272,,1.60936898,84000051,USA,69969.64098,
2021/3/5,Virginia,US,2021/3/6 4:30,37.7693,-78.17,583060,9428,,573632,51,6830.984736,5996828,,1.616986245,84000051,USA,70257.33292,
2021/3/6,Virginia,US,2021/3/7 5:31,37.7693,-78.17,584537,9519,,575018,51,6848.288897,5996828,,1.628468343,84000051,USA,70257.33292,
